business_id,stars,review_count,sentiment_stars
LW_yiJcvZsACitAgU5Bi2g,5,27,4.0
34TBKRXYq1JHe4kYlHW2Eg,4,4,3.0
21hqlWgjmNgW4pBZJDuziQ,3,6,3.0
gigNV0IN6uy8DAsLFHurPQ,4.5,39,3.5
SubB7jLPQke_aVbmKW3klQ,5,6,4.0
zdQtFKPC6FmF-fYqX73baA,4.5,70,3.0
YeiH-kbGrwmIJlauSP_-dA,3.5,119,3.0
Isf5TTZuo17BmoWHLDkpbQ,3.5,23,3.0
hGmXzJuycc9ecFPPddfTEw,4,96,3.5
pMBxvWFY03Z95jNVUVWGwg,3.5,120,3.0
o7ZA6Oh_p1x7FZEE8vJIJw,4.5,36,3.5
kCRG0hsCqW23X_szJA0d0Q,5,5,4.5
QTwovOzlu7qIB8CBGm6luw,3.5,71,3.0
96s4xeGHyjH8YU0wJjBZPg,5,7,4.0
wan0X-oHpLgGTPXqaICZCw,4,10,3.0
y2eo_MWD3XfnxxvhXh7Esw,4.5,70,3.0
ujf4yYNRDREy47XJR-ToSw,5,3,3.5
xP0PV4OgJHA9TLNhyId2xw,4,13,2.5
neSMyt7x4x_ffrunGyidmg,3,15,3.0
LDYtRlk90pOO_FdWmf8J4g,3,6,3.0
ncO5S07XxxZYWBUF2AZpbw,3.5,15,3.0
BrPTaXUVu-VH-PDFFTrmCQ,3.5,30,3.0
XKhLABcY46CzkjgOIAWztw,4,10,3.0
lsXfmQeWTeZd4qj5O4P55w,4.5,34,3.5
VVQ3fhgKUBa73PSAiv-nWA,5,3,3.5
jVVyiaDle64frINmX2hgqw,2.5,1,3.0
5kVrSq6mXcu_jT3S72xt0A,4.5,36,3.5
cjdzhHLcQr3Jyd7sILPgog,5,49,3.5
dYMndkef2V9oQSG31VbTsA,5,4,3.5
sQWSHCIH_HUT4HUXaxDaBA,3,16,3.0
INZy3JdhMK-2uEzZhHblLA,5,3,3.0
0V7lC5Xr9dVFbjXpXFbeow,3.5,146,3.0
r-UHvVqm2vptXMiab5KYBQ,4.5,2,3.5
JiVDVmRPgt9sqZbxIzQnow,4,31,3.0
bY0BbE_PFWnRjf5j48CjKg,3,38,3.0
SzYlhYIN2i2RDYs2YCrygg,3.5,57,3.0
jy8aTtrmfxgY2P81jwSNFw,4,7,3.0
RhOTBt7ISr2rhXisSMLTSw,4,201,3.0
puwWm1NTtjNiuHR1cQo9Tg,4,23,3.5
vF4TCEPmxUrhRJc_O6d4_A,4.5,13,3.5
LV_cLZO7r4XG1BXsMTWZRg,4.5,6,4.0
59jTyOmW7rRBRfVG7Uftnw,3.5,9,2.5
rE0-KhjcOQOWIaiybjsDZw,3.5,154,3.0
A-oESW41yq5QpfNvrooRwQ,5,5,4.5
F1WATjGcFKhewCXvleTi8w,4.5,3,3.0
gnOinDdd0TNIX6Q4DJnYyg,3,70,3.0
jwpzcMgNgBo2yEV1M39bEw,4.5,3,3.0
O3PnM1fH8vqDpk-kzYqh5A,4.5,37,3.5
tjrxOhiGBBv0JQs9VnND_A,4.5,7,3.5
kMSA2iJafJ6U5hKBajBUNQ,4.5,12,3.5
YiUoOtJc6xCq0-ZFJCocvA,4,45,3.0
JQJsfuuF0F25Oo3AMUBJHw,3,57,2.5
j0uzPYXgu-hmkvuGnj-B1w,3.5,4,3.0
fB7XYJYrTtchlTmzSQVMbQ,3,13,3.0
7ArW9lGBoSNOWIY5myDLWw,3,3,3.5
MnULXfywcypKNfecSLipgg,3,2,3.0
9VySO9xOHY3nFfsokcDJ9w,4,12,3.0
wJbosmL0uiorlM9RH-tzXw,3.5,6,3.0
PaD_6AJMbLt84QU8T6ymow,4.5,16,3.5
exyrJvzW0pXIfeWwJwYBvA,4,91,3.0
5rp7i-t4jHz2BrZVmteMkQ,5,3,3.5
A2XkbJ07hrR80t0EFgLikQ,3.5,16,3.0
3jPNfiRYdu-tlJM4OGF3og,3,3,3.0
FjecimSm22DYW8ML3MoUrw,3.5,44,3.0
cKQn19-p4FtLIR4IaP6xuw,3,50,3.0
xMekAmDsCdhk21Buf9ucSQ,5,3,3.0
YssP-_6iP0SLBsqUQGs6rQ,4,76,3.0
wAbq4yAUQphwpMkyr3vqtQ,2,18,3.0
ZyqqJDBt9H5CibVtZ9diFA,3,7,3.0
vVWB2ihShxcukoV8-dbheA,4.5,24,3.0
rcnl5-j05LhS3gYdDYEUHw,3.5,11,3.0
diVJtnXItoMymDfJkSAV1w,4,78,3.0
8BUJXN2fU15kclyTA3KhAw,3,4,2.5
PSlOtPIo28BvWOzdLmRRRQ,3.5,12,3.0
D2RLjFaClC5XdVVN-v-ORg,3,3,3.0
Dwc7RvkEyrUtfIk-Ygw1AQ,4.5,45,3.5
kdF5DxsY3pkjggvpsGrUcw,5,4,3.0
5Qa1bKl5BeXOC_6kZV7nBw,3.5,19,3.5
MR-XojZvr1QKp-JRWH9SMw,5,7,3.0
tYi1AaABtF3jX1mUIMuYcQ,2.5,3,3.0
sFWqH-VIfH3cKTKJ__qKQA,2.5,26,3.0
S_GRbwagsaDCGeEm_sDu_w,4,9,3.0
i_nkxbd7feg44QkdbG05UA,3,79,3.0
AJVRAkLUB7ps0ARYWk6QtQ,4.5,3,3.0
3ItRaXWNjwDbwCjp2yQICQ,4.5,11,3.5
xO6G96G_mjTO8lYcOCU5tA,3.5,4,3.0
FjLkRAdHQNk1nZpNCoiYgQ,4.5,3,4.5
6qK7kD4gsAswjmJpX3PE0w,4,4,3.0
yz08VYZVuQy4MGaAsOXRhQ,1.5,3,3.0
fPs6D-EgLDzEFBcmgVZAow,2,6,3.0
QF8aAgmMvwQsBKTUeq9_mg,3.5,17,3.5
U0JlscSlQmOCfJ-Fdn5L4A,4,6,3.0
hbpQ-nRweTmwWYxcWuBFHA,3.5,7,3.5
chCS06pZT7JhApZuhJsPZw,3.5,17,2.5
2Bl_6x4SN6TSuHBafIFgqw,5,17,3.0
EQOoRmLsilk_94QS3q0vgQ,4,8,3.0
BDNlf1Ui0B7yDAE-iTvYXw,2.5,20,3.0
7fHsjQjKvsxQH5DOIHY8iA,1.5,3,1.5
PD8RfY1y8L4cUVaL2G0GIg,4,12,3.0
m6ur4KCud1YG9V_0dqGCZQ,2.5,7,3.0
GToWxpkoCfAjdkTwdm4y2Q,4,23,3.0
sVLQl_lAnn6BeGQjhaWGqQ,4.5,39,3.0
l3HyghOg5s_nTQtmXI0i-w,3,8,2.5
zUzEjxKEn8eNVksImZ2oGw,3.5,224,3.0
njUJ9Ii0rgHPps4CgEnFlw,5,3,4.5
04ogq23JnzauhezrWEXG_g,4,43,3.0
3uLwzSD9ZB9ojqFMDmgx8Q,5,5,3.0
zhQzX3CxM0tdBXwGUWmxGA,4.5,23,3.5
aHerF5k5pkMDTdNSpIdTyw,4.5,22,3.0
vpDKK0QHZIlxTHu-CNspzQ,3.5,20,3.5
hxX5NboYQbB6GLdDD0hw9w,3.5,45,3.0
9iwONFY-aRZA1mgmVgm2ZQ,4.5,39,3.0
eV5JI26emxsQvZ6lFt9VVw,3,3,3.0
uE13Va-lX7jqshs5NSzQvQ,4,13,3.0
cJCg07biPE5yrNaNE-Fxyg,4.5,30,3.5
vgXE1I7c9ElcfYyZfQiN1Q,4,243,3.0
JX2gDf2uy2UGuKPpcKT-IA,1.5,4,2.5
8g7BvU8Gv-OuqNIhIuZh5Q,4,5,3.0
F13tDMn9lncYeiW6f__s-Q,4,11,3.0
zAj__MuO6EAZ5_HzXjyDrA,3.5,24,3.0
xH4y1MuLJP5y3yI29GLztA,5,8,3.5
HDTv_rnmSL8AQ04_zTWARA,2.5,7,3.0
oa_W43cYHFmgGPYmUpvlRA,3,4,3.5
edJc-9e34tUNl5Jk62tBZA,2,8,3.0
R8RUEi5TLsGNxGSCeYby_g,4,6,3.5
zXm5cjyEl5hUrUvuWiYLHw,4,3,3.0
7yCFfHHcs88ffYIa3NTumA,3,4,3.0
AWSmI5shZligS3wkk-m0Cw,4.5,2,3.0
PTS4MxQel-xzj5qWxVn3LQ,3.5,40,3.0
EGX-fQ-M7M6wZntgRj9ZoA,4,8,3.0
KB8R3riLsjiuKTLGts3uKw,3.5,30,3.0
4q2nThFVuU3BZoEMkYQ1yg,4,12,3.0
8AskFIgGxqNb8RbcDCAfmA,4,6,3.5
zH40ETirjYKKNfSxYqI3pg,3.5,8,3.0
3aR6QgHT4AFMsNG9e4T4xA,2.5,6,3.0
cvKFTItaDH8NCXJIYc0pgQ,4,31,3.0
1Kcg-u0tDxHdyHIyEkMMqA,3.5,29,3.0
Lu33OuE6z-H721Nj72n6ww,2.5,12,2.5
Lv1_fwBrCe4RL06mY9JniQ,4,9,3.0
RMrdI5noVh3-b7NM48PcVg,4,22,3.0
CTPlQHXFb_JNHzzrfe9ARg,4,5,3.0
xUf11yTcoRagwNiJcY8GAA,2,5,2.5
N2Q9-LaYbMzFJJI5NmZdyw,1,7,2.0
Le58tt8I6HFgay1qnNG4iw,3.5,18,3.0
kfVWqZlO-y0ag9ZCw7CMug,4,6,2.5
yLLlh-HpI_XKUliOWz0G-A,5,3,3.5
vuUnOfKYnxY0UugRBUcblw,4.5,3,3.0
OH48cGMt3vW1frpky7wF5A,4.5,16,3.5
nWw3TZFSJAYFzN8ZM_2sNg,5,4,3.5
HzZmhlRNLtPkMI0egh9Oig,5,18,3.0
niW0ggRVPW5fafcfImdK7w,4.5,114,3.0
atG_rkb3fONGcw4fupbY9g,4,29,3.0
FFX46wxMJBmlWdOxgLTdmg,3.5,22,3.5
MBF24fcO2fg3iG3Gg3uILw,2.5,6,2.5
Q9V54MxoopwWu8Nwpuq9AA,3.5,23,3.0
24t1XrFKY0ldSD1hOKnTew,4.5,13,3.0
0h2My97xjAjc1pNrMM266Q,5,25,3.5
cyDDwKfTjeJn4pqFE5s-vQ,3,20,3.0
l9FkF83RcVQQ8CT4FWIOiA,3,24,3.0
IGF_b0dO3R2J-p8x70gK4Q,3.5,2,2.5
K_tzJdytNCRCg-75XoMlFw,2.5,7,3.5
OOsoeJIwsfHyC8sFmJSPpA,3.5,152,3.0
0sjCmXrP8WtfUujjeL6TRg,4.5,11,3.0
W2RzHyMajnmhOubU7318wQ,2.5,5,3.0
fQJquPvywK87V2NzXVJP2Q,4.5,6,3.5
sxeuOMBRllOHXJTaUlI9kQ,4,148,3.0
WNGyIejOcpJpNgxqWPDwHA,3.5,15,3.0
kKiluPSzCnCOkYKknWzNzQ,3.5,52,3.0
AyIIESr_7vxrGcfKuYHNcA,3.5,38,3.0
mTVwpWwSPojpbShANWKfig,4.5,7,3.5
sarzN0hejeOKnsv7QJf_bw,3,9,2.5
KzRKHxMImBMvIh_Vtf5oow,3.5,4,3.0
_BpPAhDWWmebVL7MC6zkmA,4,16,3.0
QD-tOlwW0A06L-e0OUuEMA,4,4,3.5
HAGfdy3Cm8V-7rO7Gs7-AQ,3.5,15,3.0
JQ3kJQNnX8XNbdvcbjiiKQ,4,22,3.5
1LPNPA4_WouhQweXI-X6gQ,3,11,3.0
Qf4HvDnEExJ-CCJqJobKeA,4.5,37,3.5
jnzSNWoOjBityIjb0tZRSg,4,28,3.0
W3ZPSn-TP1po62X5te_Flw,3.5,2,3.0
DAtq-oX4tWNb19qvMZC3RA,3,69,3.0
4Z1ctqySL5LVXLOTC3bNxw,4.5,36,3.0
H75yc2Vp7d8wuAe339DpOA,4,250,3.0
8rztpAGPJA9fgFwP25RP7A,4,198,3.0
cFpc6oLcO08mWJHCRE6S-A,4,6,3.0
xAtaxa8D7Sv58q94OMaNCA,4,29,3.0
63rmr1oM0BbAXcUfNEaieQ,3.5,95,3.0
1wCyM-brDWQNxrJajO7QXw,3.5,11,3.0
XO_WxRfD9OAQ6l1FRuoUNg,3.5,4,3.5
Eixtf79t1_ZKaC-7J2kAWg,3.5,13,3.0
1zKH87sjLpRr8XDKmk7j1g,3,79,3.0
dpRsK3JyaD3GKorVWzQUmA,2.5,5,3.0
FjYOuazs29x7icGAMHrgYg,4.5,6,3.0
c7g24jVOFLwHvYikvdt1mQ,5,13,3.0
Vx1MkcBDJD8_0aNCYtIG1g,4.5,8,3.0
YPoHtUq85TmNrBpqj_zmuA,3.5,92,3.0
L6yf7W3uvCHdLrmLmPLJ8Q,3.5,3,3.5
lRM-3Fwp3RkK-wecxO8P8w,3,6,3.0
MyGH3O8q053OoJm5JikCRg,4,43,3.0
gQ3vh3Gyq6q48bdsrgLOyw,3.5,3,3.0
aUb1ulqB4B1y6kQuqRV3cg,3,45,3.0
YMEtEsUDQKOYJOcE5Fx3gQ,4.5,30,3.5
UyukMaDB26gg2wY5olV6UQ,3.5,26,3.0
AJ_tIT3N1SLLmlphsc94BA,3.5,107,3.0
9cuRKVFit28XH8MhELRwpw,3.5,21,3.5
VkFDer80GOrelWALdgNReg,4,36,3.0
ArMxMsyhcuSuPOF10jf0Yg,4.5,6,3.5
shrMOQmX_SX-KualwYoAzA,3,8,3.0
Ruk-9ABvnLUJsYGCO3QFXA,4,4,3.0
EpaXijMLlEXvQfM9gXDYiA,4,150,3.0
SxWpUJPBKpDwnt8DbVgVwQ,3.5,71,3.0
PSDVu_477MZ1ZvbEl5z3Ng,4,34,3.0
qXDOMgynPeqe8yFcxLZH-Q,3.5,24,3.0
Nsj_sFtGulFjztuvU4I4eg,3.5,70,3.0
nvrXLcmknaYuiGRquWhwIQ,2,18,2.5
BTwXdz4P490eYjKzH95NFQ,5,4,3.0
UJWE4hS2h5yz7izfLuCI2Q,5,5,3.0
Q4ULAiIE2qCA4RYplCTrUQ,3.5,738,3.0
C7pxayTvq-JwnModz-6lxQ,4,14,3.5
b6_r6QH2KgMYlLySSf0Rbw,2,9,3.0
p317g5ZNIO4MBjaOrY0kiA,4.5,5,3.5
obAdXU3RULuUOww759_h_w,5,9,3.5
MtHjMmIaWLWKva4FiftSgg,3.5,4,2.5
Hx0hjSz9G_YtXJ1GmK6DvA,3.5,10,3.0
vGqquKUhtzw3hosrYfxf4A,3.5,82,3.0
e39H18SH9EVoPYrVPFscMg,4.5,9,3.5
l0vJUx3QTx2UTnv_bQQNfQ,3.5,5,3.0
r3hyYcAUeZ3--61GS1AMPQ,3.5,8,3.0
0k7Jno-a9OoYitWZ-KFzhw,2.5,7,3.0
zrV3olEo5d7cKWFbmJ44QA,3,5,3.0
CiG5CvHxYQl5DZ704a4viA,3.5,83,3.0
SpgYhYwuLkWWJRc0EjAxeA,4.5,17,3.5
Q804DNMBPxALGBCWfLKVsQ,3.5,4,3.0
gOnK7LPFSNUwgtNjeM0eQQ,4.5,3,3.0
67A7bnaFM-YmpkTw9idreg,4,5,3.0
xKoTdBxoSr08IJKq0WASqw,3,4,3.0
LzQ6FWDvXfqG0gJwNzrkow,3.5,61,3.0
fNrQg2ORp4zj5gC75dwlWg,3.5,81,3.0
Cy9XgM3ZG2jZ1ganvolb6Q,4,84,3.0
0MMksZmyQKBcb0PNi4LdTg,5,7,3.5
6C1Igw4BzRmg5Et8GSVfpA,1.5,2,2.5
HmG9zkBtRwttGE291q9b6g,4,11,3.0
6RUuRM5W-F7Snu_4LCQ8lQ,4,7,3.0
pfc-leZQaVHeZO-Y63aYUw,5,4,3.0
qFY39MzKFQcT6dx56vqb7Q,2.5,2,3.0
b98OrDv2Ulv2NrNZY3jgZQ,3.5,19,3.0
B1RSo17_ObaqySpqsOzIUw,3,5,2.5
V8jMEIQ7oGK-vKyg0FiTCA,3.5,68,3.0
KFFh03C7ZioNHpiQCZW9iA,4,9,3.5
VHJp-9Z-lxyFn1sQiY-O_A,4.5,8,4.0
JiJipQUt-fiUlAweehWdtQ,4.5,2,3.5
Lr6PsFr_uXHeSy2CF3ZEWA,5,3,3.5
h5cvE8TClzDrrlg88gD97Q,3,65,3.0
GB1pF4hPu_tCpx2BknwgMQ,4,11,3.5
9Kdb70PhV6O89cdfqYZJpQ,4,8,3.5
EBrwIYYtBdGQ5X3zuvM1qg,4,9,3.0
VMfcd0vC2bua0uBBwSYuFw,5,4,3.5
6mvfqyPhe9mbvmIiJKrbMg,3.5,19,3.0
o732pR1XgXcCL4hnnippvw,3.5,7,3.0
sWhChMd8Xr3syFQZ_ivazA,3.5,3,3.0
Cex2R008tMFg8R5fAtf77w,3.5,27,3.0
n6o-3xMrtAaMF86xPVUB8g,2.5,2,2.5
dcOWcuBeAeHf4uimuozmtw,2.5,4,2.5
pQHk7IZs74fcvoby1VqIRA,3,29,3.0
DKqYfsa-vWishrMkvRsmiw,3.5,3,2.5
5MChfa-jZfMo3vBpolkSbw,3.5,68,3.0
Ne_6Z7dJyw32OikvCabmBQ,2.5,4,3.0
AuQD43d9bgvxbFVZiwC0ig,4,80,3.0
Pkm9lciseEmE-Y3wiPtlaQ,3,1,3.0
S8f-tNo0rEnA_kWQg_RLVA,5,5,4.0
cRHkJnBe8kvoyzQs8Q951w,2.5,4,2.5
O3I-lmolfNny4FHu_GmThw,3,21,3.0
p1Wb4mEH04qrUMfmPepFzw,4,250,3.0
NUohh--5lVY8pu61uy9oEw,4,8,3.0
Lm_mR5xDF91OeZw97ch41g,2.5,28,3.0
CuqjCQt-gCYBYFLDOdsQcA,3,27,2.5
8wdvQ5pOWKvNGNVrMAgnGQ,2.5,3,3.5
uDJymEBtBrre61KtmvpziQ,1.5,4,3.0
zczKkfpjz510tZK0SnHYDQ,4,17,3.0
9aw0t0rlACKkMaxsX0KlKA,3.5,6,3.0
GHfBR9yVXkLeKgobH52Jiw,4,6,3.0
2pN9BQ0kPWjPZbTXc_NANg,4,29,3.0
nP7W45S__SYhJWhjgiDgkw,3,3,3.5
aIzx9R8MN9VgSSJt1jy5TA,4.5,5,3.0
ILlyPBXWpJMjbPpfse9qkA,4.5,3,3.5
uXzbEekNZvexah66ISaQeA,4,23,3.5
rzcK-fYhrQGLt9uvv-Boxg,1,4,2.5
k9Nlz5eY8UY9y7KaJjYOAA,4,12,3.0
5z1TluGqhwVYrN7ZZPDW6g,4.5,5,3.5
rR_szXNwNQB-MgEoTElb8Q,4,368,3.0
zpNGtjBlIkDq_PLGSCPlAg,3.5,22,3.0
w-RzHsvV05yT2K-JC8DJUA,3.5,19,3.0
V_qDmDGc1M8dHcvciIIz6w,4.5,4,3.0
JObIv0n8MW2A84NE0__Syg,3.5,21,3.0
Y-dFueGGkcdxGbHyzjf_hw,4,9,3.0
dEuJ4A6v1lUDKF8wWwxy_w,1.5,8,2.5
dGpmXpNSvVSnfB65UwfDtQ,4,97,3.0
5c-GubweiNtUFyQ38lgnHg,3,8,2.5
twXhRWSJR4WmzrEMqM8rEQ,4.5,6,3.5
PJmNg6ahKgd53gOLBvSZjg,4.5,14,3.0
5zqhwC-VGm9S36loa_p7-w,3.5,4,3.5
0jTHxV1CgPb4zc0ZbrdM6w,3.5,7,3.0
SvoJ3Y3uqDfB4iGUaWXh8Q,3,34,3.0
OpFSTvYREcZZ1ScB250Lbg,3,10,3.0
loYtjyqqqzjpgofA-gSY9g,3.5,4,3.5
avn-BRDbStHD575DyoWOKA,3,5,2.5
vpr2y1e3VFRSg6UszEuc0A,2.5,25,3.0
24GmG-gusr5Jugnf_iX1KA,3.5,3,3.5
tTVe5wrzCVEMPzBNmdgM3A,3.5,14,3.0
OjzR6hUYasFReo0vhVn0-w,4.5,8,3.5
lT506ycfzn3Reti-DO05zA,2.5,4,3.0
pzys59fEt1S8T_Ed0BRhvA,4,5,2.5
83_p9vIqOq1TUIf3_GD7bA,4.5,96,3.5
Dq6g0ubf267tWRU4BSk44A,3,283,3.0
p5pTMafxudwizbol8iNNmw,5,4,3.5
k5JrLWy8RYciIDqNDMuBrA,3.5,13,2.5
GVYP0ZIYLGt-8Rh5L19XIQ,1.5,7,2.5
9sg-JXUxnCiZqs3GhRQAKQ,4.5,25,3.0
K4Kbio0GWXZNNzU8E8za5g,4,5,3.0
ZH_t1lKTDOdPOvyIckDOMA,2.5,6,2.5
9T-voT8ud9489f_VKdqv2Q,4,3,3.5
nDJEOWtULWInFrO7di-6mw,4.5,3,3.5
LIeCtd16mDnAKrn5oF2fNA,5,4,3.5
G0lLt7xjXUBhWSoQtexoXg,3.5,3,2.5
7eL9P3f3P2AmVceWnSVfiw,4.5,10,3.5
X5p-CqU10u-gUtUImKhkSw,5,13,3.0
cWe1Xoczmj2vD5h6BOrZYg,2.5,9,3.0
Mfr6NLYVRC_lom-oU3ehQw,4,32,3.0
KHG2Po6wtDVXPX7flX1FQA,3,6,3.0
rbqMKloegIO9eewxSvxCdA,3.5,6,2.5
93r7y20-xLWIAqIIYMtlDg,2.5,6,3.0
lypb1QKH0DX45XyjvhQujg,4.5,3,3.5
gQ-BN9WPkvsReJ-r-s_eOw,3.5,7,3.0
abjCeXv_-gplOrqplHytZQ,1.5,3,3.0
m0R4GViXeLOWuOlzoCv3OQ,4.5,75,3.0
0pFTQ1QRfCb106BF6kI2Ug,5,3,4.5
xt88BbPmF3QGysdF55ru_A,5,10,4.0
Es1l8HLnSJCeUvJ0ex4x9Q,3.5,5,3.0
lGMKad5So31nKvwAttyAvg,4,5,3.0
kc5gJPisT5L5z8lLa9FV9A,4.5,249,3.0
IfLn-5ZVXUCDmp6Dl_XA7g,5,7,3.5
FSZHwYbRb5iTnGUzQvDWwg,3.5,4,3.0
B7uk66_H_4zeI_AO0mOu4g,4,3,3.0
z4DKAl8RBUGAxkfD6XYEGA,4.5,2,3.0
kye88uCpZ_EYAZfgE1ptIw,4.5,2,4.0
P3V1sCnNIyQVMDVUz30XYg,4,4,3.5
Z101WZaISochG6g7tI2ZVw,3,52,3.0
Tq1wUIy82ZgorYSCT8VDBQ,4,21,3.0
1uPTCXmcAVujpLs1ieLUzg,4,67,3.0
F12e1eMKOSkfdYoiONQ7rQ,4.5,6,3.0
xNFGQGDWjTQyxAxGnFH4tg,4.5,6,3.5
T4D7wX6GuCYChwRmser-0A,4,6,3.0
A3ryEM41LVJ8WPTQLDzbHg,4,10,3.0
JVvP3Uu38jlBEpSWkVwnug,2.5,7,3.0
72dssggvJOmcip7-1TsDFA,2.5,10,2.5
XtN9tcefxJtubhUSH_Xg3g,4,106,3.0
I2jxktG_cpZKBeGCFzEURg,5,2,3.0
rNMEy4XYJfRE2-d9Qr7n5g,4.5,31,3.5
QnnssZJOLZquRp0hqeK1dA,3,87,3.0
VeuEGNEyfgr54_8Zuzv5Qw,2,22,2.5
62EQGCWUVIRixQD_q72V0Q,3.5,31,3.0
fedVnSMYM7bKs5YHD6Ykvg,3.5,10,3.0
3_3yJMo2dTPeq8woOW69IA,4,14,3.0
N6cU3_WO9knjME8CdbIygA,4.5,5,3.0
zsCxklQ4G2WK1xS7GULu3g,3.5,34,3.0
QKwiZHue-zk1SGzMzQrpjA,4,26,3.0
hMspWyS2RQ8yJ4GpvSN6pg,4.5,6,3.5
KDFTshmwxKn6nSi1L3FuUA,3.5,26,3.0
a7G50Gg_cXsVXI4JhxDsGA,4.5,7,3.5
Lub0RurarPqWapys3U0Plg,4,6,3.0
UK3I6zxc4D1xwjItJ9vWyw,3,50,3.0
cecwsACjPYzCv8ToGt8yVA,4.5,9,3.0
cUFRA0_kf9e4Imsq0IcibQ,3,9,3.0
8VOXHkfpcjiqGqi5l48X_A,5,3,3.0
DMjGB9va_stopLPfUYJelA,3,76,3.0
XtupZ29RjquKu63QCwAy2Q,4.5,7,3.5
u-PbFb01OqXOuYN86x1QSA,4,14,3.0
PmGgA12IFDwedPDAjesx3Q,3.5,104,3.0
G7Ork6dlTZ6xcmPF3gxG4w,4.5,70,3.0
CaGBTY6UWKY252OVgWRSKA,4,40,3.0
UnxC_75OQ3hS4bB_onepOw,3,6,2.5
m61vZsAxmTEq3uiCjFjM8Q,3.5,29,3.0
9TOZic931NktWjVGftktJQ,3.5,31,3.0
drJpzE3cxE0MQUq7gkzRvg,4,53,3.0
JId49VgiWOS30qK7tn3JXw,4,52,3.0
ZEjbKxRXIkcrtjURajUMGg,4,21,3.5
KJyIMrkHzafvz515f0W8Iw,3,15,3.0
b538wiwQvOxm4Km_ZiIOPQ,3,16,3.0
gNiqOjhVCcGTniZWDBTYtA,4.5,170,3.0
Od6FmdEKMTJvX5umCUM6tA,5,6,3.0
ZDKi3qsO8lSSogrIdbLJKg,4.5,29,3.0
GvsG2ZJnKZE2-qx37wIMjw,3.5,2,3.5
El6fv45PRpTnI4OnAqQHdA,4,53,3.5
E4sfk6fLLirdOaRGgVdLGw,4.5,10,3.5
X4XG6aBH3WsIWIiA0BtHnA,2,3,2.5
0QkkNagJaWllynycTF-fRQ,2.5,150,3.0
kbSFLe-qdPVT9ypSKd3AyA,4.5,6,3.0
nr8s_2RSkqHOkTAEX6sDjw,2,3,1.5
WjUbSGtEShwpXZQFiEtD-w,3.5,62,3.0
JnJCxQOTj7D31ojWMWQhtw,4,5,3.0
rRLLhMPgBXrtTDvOeWHZuQ,4.5,44,3.5
NXsga_eRhdQ3o8N-RxwMAw,4.5,5,3.5
rtHMAC_eh46jldMEX21Zxg,5,23,3.5
7FhtgC9MKNfoeKaTFbWj5w,2.5,4,3.0
E_-4Y9vn-u-dPgp33TLRUQ,3,11,3.0
GOWbf0DQc67S844P6L8_kg,4.5,18,3.5
4gXxxBj44-mYQMGrKTHf7Q,1.5,3,1.5
yK83lDAsFoQapbkkVPdNpA,5,4,4.0
9iPsnH3gJdyledlHYahLeg,3,5,3.0
aQhH3ulfs96PQgegDlGSuA,4,7,3.0
UNI3UOXuW_P-99GEA3GhjA,3.5,20,3.0
ngVOvFyn6_C66mtEUSRwKQ,3.5,2,3.0
gR2vduMA3GESzNI8g9EEog,3.5,17,3.0
3WgM6mvYrPDxGJ5fADSkUw,3.5,173,3.0
iEnerduM05ZyzOYJt3w18A,3,4,3.0
08Z2A6u4kmaAZYeecwA4qw,5,18,3.5
YYce9ncwXBgOjU6ItboZ1Q,4,137,3.0
-Gfj1gA0Ir07zToO-4fBpw,5,32,3.0
qCdhI4LCUIuzbLKt6znEFg,3.5,21,3.0
cTrEkyZXz4gBDOdN8vsRlQ,4,226,3.0
Xu5azmrPOMCgNC-fdNA9eA,3.5,12,3.0
n8rQ_lKAaLR0NY7YOHVI1g,3.5,12,3.0
VW1nPsgw23mfYWYb-RmTxw,3,2,3.5
78JJr9A0MbbHuXE1XUr-bQ,3.5,80,3.0
MDcUrIxoRp6rlPAmyzpWQg,3.5,8,3.0
GW79nYKMAFyXRtQP5g05wA,4.5,4,3.0
vam1Rpivi_ouxZX6I8Nv5A,3,20,3.0
SRMXro-r3Q9SXT2Lpmrv7Q,3,14,3.0
vtcEXiQukuSzOMxyVxlh-Q,3.5,189,3.0
3dtZprG08noZiOuHc5WoUA,3,10,2.5
z4cguIVh7jL9tTPf5EqRcA,3.5,21,3.0
Bm-zSDHpvSiONQo9pYAWJg,4,3,3.0
QjMZ3Gt4c-vS2uVUWQrVbw,2.5,3,2.5
vsAxFICzxvaQv7Jjj52Jqw,4.5,26,3.5
AD0FE_5dM7pWy5YdbMZaGQ,4,107,3.0
Ug-Kof6Od43fubcwZePMFA,3,16,3.0
rkZ4SwfRFliatpoMsb1-Xg,3.5,25,3.0
9kdUXcx-0d93fEBqp4kcpg,4,9,3.0
WXpi9z1bqF9raZSW8z70Ow,3.5,33,3.0
clvKNlfy-rzqiXlSjibv8g,4.5,101,3.0
hu_THjtN2y87w7qwwUJgGw,4.5,4,3.5
KnlNwiIELDWAR686Bk2WJg,4,13,3.0
Y8ijuEjSTwnAJA3lIfAucg,4.5,47,3.0
AkLBi4nYF64VX0NEvtweAw,4,10,3.0
sMNFHAe0wKoEKKdo7FuFdw,4.5,18,3.0
0o1gpZAXTgK52hisWAUDBA,5,4,4.0
YBVxOF_kb5Z73q8M7-GjdQ,5,4,4.0
ZiCVll2DAhYpH5t_m7QF9w,4.5,16,3.5
z3A1n5EZcAaF13uFlFTgLQ,5,3,3.5
fARLAmHnEP8LScLd3zp-nA,5,11,4.0
IXBN4eEqgNNGFA15xCTMgQ,5,6,4.0
fGTrdnKyM_wdT6niaxzU3Q,4,120,3.0
XK4HOwFTo6EE-YK7lbPjJg,3.5,11,3.0
1PB9xsunCoSccTmAvjMlhA,4,44,3.0
26HlCqrwTikf-n5FXRS8qw,3.5,17,3.0
B2mFASUCJNFOXiNnVclkIg,3.5,3,3.0
Ud5jcf7s_wTKO-Rbv__Rhw,4.5,14,3.5
ZurbTJZ8nTlngOiqcn4-1g,4.5,7,4.0
6qa5JIAxdyzlGg8var8JcA,3.5,4,2.0
R9DQgj6_yMWbJNOanR-JtQ,4.5,3,3.0
e7HwvsagBGIXXygZDuNMNQ,4,62,3.0
q_2HooHFCE9wAwmXQPkuyg,4,118,3.0
NQ079oIXNiSAIkrjc5Avew,4,21,3.0
mMbUTTTK2ke8aSAS1eWMRQ,4.5,12,3.5
LGYKzYcdngZHGURIpA1GYQ,3,11,2.5
0FmWly56nUTg60-b5k0gTQ,4,140,3.0
QPGMu7wXOciTRQVwklPoLA,4,56,3.0
g58NW9q4F09wTMiI7EIjmg,3,15,3.0
FHJffCErIMPEqnVb2-RT4Q,4.5,6,3.0
uCDUZlheKW_SA_qHvli8_Q,4,29,3.0
LL610yZZlfF1bmD5gVGcTA,4,9,3.5
CqHTknOJHZZncWzGtpbNsA,2.5,6,2.5
zbBNM_2GaDgEw_C8Kyp2Eg,4,6,4.0
14gY1iJ-KRnERxHj4ONasA,3.5,73,3.0
utEUlyjd2DjV3T23I8I1wg,5,3,3.5
FCpqtFF1MGsXTiyC5im4bA,2.5,7,3.0
XNPqR50C5mtsSpeZ-Rshqg,4,4,3.0
yT3ZqD6D2sw2BC-78xmTuw,2.5,12,2.5
WtVCz41UwY93oLCBI8mPBQ,4,32,3.5
9oImwXLAn-DFppBrfbmkLg,4,204,3.0
QHPGokxQPrJhAg0H3wtQVg,3,5,3.0
XZyI1lZ-a4YTYEE8PI_99g,5,5,3.0
tyXvO1G2qK3MUfaap30auw,4.5,18,3.0
yc5Z2xN8c1zBvzFRkIfZ6g,4,4,3.0
jR7rDinCcHNZxl4jA0iKJQ,3.5,114,3.0
HHYSvEjbhYAFghUsC66QEw,4,79,3.0
iScLaoq1nOhrGQ2N7_mAlA,3.5,12,3.5
tHEs-P51GTuR3poGLTACQA,4.5,14,3.5
eA-FHna3YDonR5ABgRq__A,5,7,3.5
FD6OocZdFUfE2J5H0WN4fA,3.5,15,3.0
bAeVhi8SSsN191doNrKXwQ,3,4,3.0
9r4gq8LVewal0uTnLiS1zQ,3,21,3.0
8MQoAj0bqEmGgJkRi14HtA,3,13,3.0
rXb8s7TOx2-uWxzACEXcpg,3,200,3.0
VjK9ixT7g34gCPUtpdssZQ,2.5,24,3.0
za5fND9-pXyVSk5rM28MsQ,2.5,3,3.5
OkcK2_-VINAfvM10eRnGgA,4.5,36,3.0
7ELrpDCIaRRUBI_uztgB-Q,5,59,3.0
fwfhHFE1LkURDmd7uNwCyQ,3.5,3,2.5
DsxLIr-b6WlDn9YNsVBu_A,4.5,22,3.0
_z0oAuTO0Jk07sMdoPE8gg,3.5,15,3.0
fEhf9HJhPi88x0Lm8Hl3eA,4,6,3.0
o_cW_ycMd__4JJVSZflK_g,3.5,6,2.5
EPILrBqmgQxd-R1gZ1EWJg,4.5,14,3.0
4aFpqIBq-dFz7Fu1sIL6iA,3,49,3.0
8orSL7UKxkpXg8UYHu5hOA,4,5,3.5
za_OPA5Q_89j1PwNwf17KQ,3,10,3.0
lB4l0M9jSXWIz_VYjbzlJg,4,3,3.5
jetVJScqUDj_bl6RzlNlnw,4,8,3.0
fPuWTlwtHXJtT7UMZKd1rg,4.5,3,3.0
dHDKO5AGbj1T7xl_xxhbmw,4.5,4,3.5
t15LDNaHFpu-bAEJSdoV-g,1.5,8,2.5
kspUaLipvOgF6viZcpuyZA,4.5,6,3.5
X6u5QZU2bJxLMTHbSUfkpA,4.5,4,3.5
98yxgWiQCm-UpidnsJfC_w,3.5,3,2.5
ORTRrw3ClZ0Ld0LgY1H_5g,3.5,16,3.0
AD5dYhKTUh2BdFXAd-IYPQ,3.5,13,3.0
VlmVGmuD8yM06kb-g1DISg,3.5,3,2.5
yGjhTn5J3PMtr2bmi1Q2sg,5,5,3.0
1qZsGIUvAu9KAi4widEAuQ,4,10,3.0
xar9PQwAOg2qZMd3QiGSdQ,3.5,5,3.0
fbqs1kYYcxowUWfowEkHYA,5,3,3.5
YRDKsBFYP7G0E8BLJKIkvA,4,48,3.0
S7o76O2QoUCqaxNZD2UcIA,5,9,3.0
mx7IvgOdBoKFITfOcmnlHg,4.5,4,3.0
dHDi4wCcjsOR6vcZ8oOIoA,3,82,3.0
oj8bMz76cKXQClpFTFNW9w,4.5,10,3.5
dYzq0aNI7aongqlp04GNPg,2,17,2.5
Fpb097W752NVEe-YBCq8jA,3,5,3.5
DnmK-EvzH4UnuKdMgjqSpw,2,7,2.5
4ASVc-idKESyU9w-atsueg,4.5,10,3.5
_BUOZDGlYf-zBALjtnXyBA,5,5,3.0
5BWRiF8PBGxmK4C6gr5YPw,4.5,3,3.5
Jh-8r-RwvkRs80HP_q6DYA,3,63,3.0
EpPfFCLETEnzAw324Y666A,5,31,3.0
bU7fRpS0NHrjIa4Lllt36Q,4,3,3.0
EZdFJ0Uxqarqs5BX3pKgug,2,13,2.5
OWiX_AZ7hTRwTpA8kQL6Jw,4,23,3.0
jCad2RCY5BT0ZZhk9r1ivg,3.5,31,3.0
5dTp7_eChd1rO0Js7xSiRg,5,3,3.5
OmpbTu4deR3ByOo7btTTZw,1,12,2.0
iTSuk8UQGaNAFKBYEzdeWQ,4,145,3.0
gg1NF5Yo97OtF3ADSYukhw,4.5,16,3.0
fboP8gAvPCdW-bnJmDslSg,3.5,18,3.0
aPSxYkf_L6hd2h-ZGDPW4w,3.5,4,3.0
cuuJJ9W3tYmidaLvlzvPBw,3,24,3.0
BbIh5NTizhV4Fq_mLmNkpg,1.5,3,2.5
g_XU88LhAeONO46eA_i4Fg,4.5,3,3.0
Waw-udotzXTvNXCyycxPAA,3.5,17,3.5
BxjO2aY6l4uOVN9EiEVptQ,4,26,3.0
0fEjkWWbjHWuS6JX0Uampg,4.5,5,3.5
JtViWM5LYyQ22uq2DYqt6A,4.5,3,4.0
oAfINl7rkfuZD163v3fIyQ,4,6,3.0
oN552ZjtfJWV7CMtftGrfA,4.5,157,3.0
QE9sPzJsRnranp0jvhyRtQ,4.5,10,3.5
Jj7EE1vPUaKHykA7WzlIew,4.5,3,3.5
BFG2ed8LgIo5TNsrwgxu8g,2.5,17,3.0
hAe74kBgCuQUfn1kyVWA1w,2,7,2.5
dbsI3wSVdhOLGNjmM8sBfQ,4,18,3.0
KeJEHK-3LCsA7S3HckOvMg,3.5,72,3.0
GiI6H2Z76lxlr7hnqbhFtw,3.5,4,3.0
Ig74RHJuf1DbDmJNWQ-HpQ,4,9,3.0
Bg61jOnSCZGiNSXtKoThVQ,5,5,4.0
w8N1BIB2MiP53PM7ouYPQQ,2,5,3.0
QD_VIwtGdBazBZXBqkYSSg,5,9,3.0
G-PlXGCY3G4zNOUzD61ZDA,5,4,4.0
wUQvmPtnHvX_oM2kpXUPMQ,5,6,3.0
dpOdiqdJ5fhbRhvqlRar_g,4.5,5,3.5
DgvkjXshY3N94QTkndThCQ,4,55,3.5
DK7cCTEyszaNKQpV-JRc1Q,5,3,4.5
T30T1agpZBnfChpAEiXqkw,4.5,6,3.0
87eUKK0Ylym5hJEE-vhvXw,4.5,3,3.5
iBlNvl-AHwCiUGcTx3DBfQ,5,5,3.5
yJ_k2f-h9LxjWdbMMqzpsA,4,12,3.5
zGkZ7kMrH6pCKi7p2OQhDw,4.5,3,3.0
UawKKwXc3Fw7bxsAS8HqEg,1,4,3.0
hxsz7_-M9Drc5Le5jPO1Mw,5,7,4.5
AehBBxg4SIPIPT0XGbPuDw,2,4,2.5
0JGXnhfU1IpJrs3D8qtQcA,4.5,7,3.0
TNm4gE5XMmP0l9esS3Qh7Q,4,33,3.5
AXOI4OClTWxSLxJrI5rb1A,4.5,47,3.5
2CVv0URvnKNXA5EfeEb9Eg,3,12,3.0
DN9rQhcXvw4iGyBUgqQVvg,2.5,9,3.0
jh1Ta5U4fk7OQ3AZVo9ihQ,3.5,9,3.0
Lgyc-00L5pAELhjwUjAz-w,3.5,5,3.0
s2YrgQ6YhkYfJ_fDvaZjBg,3,9,3.0
pXS-IJlwDMgH7Xn_PdNY3w,3.5,3,3.0
fOpfJ_7Zr0w7xAKQxKI6yw,4.5,3,2.5
mDOBApO3-M2024kWjhMNDg,3.5,44,3.0
ttCWIiHpoiuZX96D2KbNaQ,3,3,3.0
3TKmWAHI5Qj4i7GSf7_vDQ,4.5,11,3.0
KyLEavtA-LAnDoL8p72UOw,4,4,3.0
tanI1kq7vk8zGiNjUCtw0Q,3.5,28,3.0
fIt5UdZhItbkTUeHKXxipw,3.5,3,2.5
RqkQlhbDR_4Q19HtRy2UHw,3.5,74,3.0
T_KgxAeUAbQboY4u_yrmjQ,5,13,4.0
LYWsIy_g_pLA32Iaze-eeg,3.5,13,3.0
JdHSfjXWD5aRZbfefo6Ccg,2.5,10,2.5
eX58TUW5QgDtqmxCO4gBdA,2.5,3,2.5
kgyLeo8pRbiAUYZ6Gh8JtA,3.5,4,3.0
TUEoHj_JBNotNzTfcVF4GA,4.5,9,4.0
dWg_Wkun000du6jiI3TPUw,4.5,39,3.0
7ijbLiiirSkA-TNHCZTe3g,2.5,2,2.5
dtIfIC_I-c_Oll0jw_1Acw,2.5,20,3.0
9vvs2aAMYHsScShc7Ar2fg,4.5,2,3.0
eDWRhZxP_hUrgLgVZXlcuw,3.5,6,3.0
bcyUzl_0Cy2ZhGwf-GxBKw,3.5,7,2.5
R03p_2AxXpNtM31lutbnkA,4,4,3.0
qlL_IhGgqavbLvoNZ9jNWg,1.5,8,2.0
ffVx7PrC2JSfOq_DTW-vZQ,3.5,256,3.0
7vdI1q6ptMcKmbmePLxTsg,2.5,14,3.0
_f8bh9Mj0FKThJReDFENjA,2,7,3.0
wi2JCjaEob10YvC2TbTxhQ,4,5,3.0
pN7YEeEbbRJkoYKXqtSGig,5,9,3.5
NfheNBs_UbGN1r25Ehdl_Q,3.5,55,3.0
b686MZPPrVhnwYhhPZQdJA,4,58,3.5
xYP4cs5xE5sSYrGXUNOqYw,3,4,2.5
Xy1gTVE_eGXIVvsoDUFy6w,4,5,3.0
9rpvTdjqiNfISm6QtEtvKA,4.5,13,3.0
daxmUMiODbiQAFaoaAVs4g,4.5,3,3.5
aU9xfD0OX_R5lcCxPnhHsA,3.5,3,2.5
qCpd4c57U0LI7LKdAsCPbQ,4.5,7,3.0
yaSUQERuoc4hUonx4kaS4w,3.5,33,3.0
wMzo5ooEfJBZ6NtpIAfCZg,4.5,18,3.5
utIjhLQ4aowlreRuchFpBA,4.5,52,3.0
NYuWw7DtbAe_CdI9XkFu2A,3,10,3.0
AOdFktuhNOtAduB_0Aj_Nw,5,4,4.0
zWxk5ZFsiFFNc_62w38A1w,3.5,13,3.0
jUHNFVY1_WTp08OOwSpm1A,3.5,18,3.0
8q8GMsDPYp4JVdx6k-FeTA,3.5,127,3.0
sTBTJkA71CosfJVok_7TJg,4,4,3.0
sbqLELuU4kw2AxH9ks0I2A,5,3,2.0
2MUQomm9dx3BU0X6s11xGQ,4,12,3.0
mJmVtFKcmskMHNn77q5qpg,3.5,13,3.0
nsZrRPXIfEm2Gyd3nZRyXA,3.5,122,3.0
Ts4xsKPU7FNPPZRj-nRjIg,3,53,3.0
tdw9hdKyxZZcA4WBy_y83Q,4.5,10,3.5
9tTYOHjgQsVON4UkDKvFcg,4,2,3.0
iQjaypuiNyljHizWeQkO0A,5,15,3.5
U_7v32SpCrB-0pR0B8Fg2Q,4,4,3.0
lU0OG3vqIxC2x-gookfrIA,4,24,3.0
Nr9d_ciLwQ2lGpcAHL0zQw,3.5,18,3.0
aWp5NPnw08R-spq1dgiQDg,5,8,3.0
gsRbzIv8Cy6M-VZ0X5M7_Q,4,9,3.5
qKqld7dwt00qW938tRTSjA,3.5,28,3.0
9-ajcNoEnO2ncMi6iiyKmA,4.5,28,3.0
0GdTpvzrpDWDPiHP3G6Fuw,4,36,3.0
mXHBxHrAJPnPWnm_OKuZTQ,2.5,18,2.5
pG76BRH7k9SVc9YW3jkANQ,4.5,2,3.0
QIJa5h2d65Bgh82zct7c7A,4,17,3.0
W-IFXjXIzFD9cJShGvqtUg,5,4,4.5
T_nUr6KgnzrRwCssIGEd8g,3.5,21,3.0
tMfTHrKufejk6bkYDty_XA,4.5,6,4.0
3DzOW0I3EwntAKFaDl_T0w,4.5,4,3.5
wacXhve_Fo8OQlZC0BhoHw,4,12,3.0
RuJ417oBjz5D1-vt00AOkg,5,3,3.0
mGoHakt3WsXA-dVC-9g33g,3.5,125,3.0
HhmrOX9alyM_-JjnK9MSpA,4.5,7,3.5
BMojKb3OCB4NWRkvHnHB6Q,4,10,3.0
2e0IF83DL8rdZfTGLmmH8A,3,11,3.0
2-T_D2lIL5Ub2G_U2crtrQ,4,140,3.0
3gkoiMbPT1Ayn1dyev-9Tw,2,5,2.5
R27IDAXpEPNGqCQ4uztrPQ,3.5,16,2.5
XY3sN_2uusMSU9i1WINFeg,4.5,47,3.0
qg14DV1nQgYY_b_Pm3a6lw,3.5,17,3.0
PxP19Rb88OQKiSMl2oWNsg,3,57,3.0
XFnacCY_kpQhtPqbc997gQ,3,6,3.0
x4L6w4eBsLxlHTjgs_-tWA,4.5,9,3.0
sFPULLFB7y753o9-BKaeaQ,4.5,4,3.0
FAAzRWejMIiVMsM75GXQ0Q,4,6,3.0
e6wtJ95VHGk5kQWtXholMw,3.5,24,3.0
d_HeDrR7K4oPUIeRVLytZg,4,59,3.0
hDmL46u5ZKvYJB1Bgy19ow,4.5,7,3.0
Ls6GT_UCd5azhp0gW2hZTg,4,53,3.0
7TvGkot7YGI3nIJEqIQGXw,3.5,15,3.0
0IKwgLg_UApkFzMCAaJ1Lw,4,62,3.0
cjD2yGRhT5yaSj_KP55Ptw,4,358,3.0
Wv4DMWNrC82EBjDTbaVR6Q,4.5,28,3.5
PhoGiguAp2mWjqX85hDavQ,4,66,3.0
KiVpfyWThpqf29pVMso_nA,3,61,3.0
wu-lbxobhEXCSBYDa2Gnwg,3.5,11,3.0
18n0azQi_J7GltjGLenx3g,3.5,14,3.0
zkR3Z83MqnBU7NEPJr7AwQ,3.5,8,3.0
Cmcbdf_AQtbbUZ6GzdobGQ,4.5,3,4.0
sw-4U5jyHk2qIQIcCGMQsA,2.5,10,3.0
m4LaTWm5vP01mGpFcqoPZw,3,120,3.0
hrN2jHYG5BYRrLUkav1uRQ,4,29,3.0
cs9iu_1abcCXOuelaO-Gfg,3.5,21,3.0
m6N_2Slp1QLZc4aM8SF2xQ,4,10,3.0
P0kIWqaoOjIJEtJBydFvoA,5,88,3.5
1JcoUEPkcGQtCEed-OdezQ,3.5,121,3.0
3UL1To_gn_eOY5iFH5oBxA,5,4,3.5
gNcvmWQ6b40mpfzSOdStEA,1.5,3,3.0
4PvhZdmpkPy8fjzWMSY6jw,3,30,3.0
58AZ_aOhCWQqriwva1-gdw,2.5,3,3.5
dWEXG9aimhOXkbP4yw4UMg,4,48,3.5
Zg5JB5GBqhmxt9W7tFKN7w,3.5,135,3.0
f0Sz4efqcGDO45fNyIuD3w,2,2,2.0
2LB03jEM_kCcMteoGrbJ9A,5,3,3.5
XdDSKZ_1I2qP8QHrrwmz5Q,3.5,6,3.0
oVXEYJONL2TS9-GdPqSfTg,3,18,3.0
XmD3TRq6BgYTmQEeSaaijg,3.5,1,3.0
tiXKCu-ar9NRgHEglDKAUw,5,2,3.0
UFhcxnTzfLO-ROftyP_ukw,2.5,7,2.5
chDzLfj8CqvsJq4wzW1ZqQ,4,11,3.0
99WYCuBEsO7OUCDWbbrrew,2.5,4,2.5
_-1EgXrkOlKajCsmasuEgg,4,22,3.0
rZA_aIoKpuxXVv1gAqNW5Q,4,59,3.5
qicXiOKmN-GFubYuiPAFKg,4,10,3.5
LN3OCT1xOedbf65xKzFSNw,4,78,3.0
RSr7nAayztT5mBLUBMpbpg,4.5,117,3.0
ih6jtFK2jkAGFuIBtAd8Qg,5,12,3.5
vnlJARJ60cCbqrR25DVRTA,3.5,17,3.0
H77dVEQpzTJNLV0VPd-4Zg,4.5,14,3.0
9oeMdTVt0VeI-enjBpKBiQ,4,88,3.5
H7vS4Vsp5hCvTQI_0z2G9A,5,3,3.0
l3N07ZNUCTgooKAoJcxQZQ,2.5,2,3.0
0b6OAFt85maz05EuvYd_WQ,3.5,18,3.0
rbg3POnoegWx0RQ0KGd0sA,4,14,3.5
Hjo5B_MgC5iK-Onf7EJyhA,4,83,3.0
9tEz0kwrEnhi7-CVg8pktw,4.5,3,3.5
nHEcQdTfzaaBLIYf6BV3hg,3,5,3.0
MoX-AGP4AksEQC8CIQA-dQ,4,8,3.0
LhjIfgnWyJLQ96zobHGLgQ,3.5,5,3.0
PGTpTat76ls9DIInjx-GOw,3.5,7,3.0
LHyGQnuWR2q44bsrw1ZLAg,3,25,3.0
UXnIsrsRof-fx8RYTXjxHg,4.5,25,3.5
rm1hBa1HPcLhUSwuincX2Q,3,8,3.0
woG0Ylj5C2NW3MyeumkcWg,3,38,2.5
HwLrja1WJ8zDJ0ogQZv_xg,5,6,3.5
VOHbBqOW3Q_sgGA14clGWA,3.5,6,3.0
QZh8oz9dg15GL2KxhXolyA,4.5,15,3.0
KD-_V5fo4tKly7_LMyP_AA,3.5,17,3.0
5nfSjyxpfW_JVywRJWCNQQ,4.5,3,3.5
ZOjStbDMTqUo5F5TDE8poA,4.5,20,3.5
4KJhRKocVPhrkdQQX2KVCw,4,5,3.0
miSWdnGO321ZEBuHuUTdwg,2.5,11,2.5
gmf76WIbWz8_dJtnwihe0A,5,5,4.0
YgpvEiMnwxA0aLayi2w6hg,4,9,3.5
nmJkHGrLDtVlCyObx07NRg,4,8,3.0
s-PrWXAB-63b-Dp5IC7Uzw,4,3,3.5
9q0T11qr73CgUlLM1amWMA,2,5,3.0
2X32M84ejYIAC6HsrT2gpw,3,28,3.0
kFXds2J2oXyP8dRKmPOVAg,4,3,3.0
IQ1EkfRxyChHEYs_lz86iQ,3.5,24,3.0
tvXTHj9V5sgRoeVJW_FiTg,3,11,3.0
8hkImqbzTPgUl2F-3jphHg,3.5,6,2.5
wQ3klyJeDhIQUIZS2X5r7Q,4,246,3.5
UvkKPVKktEbkbVFcAmHhdQ,5,7,3.5
1md5jVWAiBUtOIoJ0Ca5lA,3.5,2,4.0
QJgRZ0kTjvUSvmIm-3AEsQ,3.5,24,3.0
KCaXBp5XwMQQ9jFx5a1GZg,3.5,11,3.0
23xaQMfVTszfXxzP8NdN3w,3.5,24,3.0
FS4qI8p68Pkf4wxHFzkJ5Q,3.5,3,3.0
H-67jHjmkA_JvgxHD123Ow,5,3,3.5
Uyq-KKcsOlOIb_DBnSZhPQ,4,4,4.0
zYf_Qix1vsEpGJrVVti6LQ,3.5,3,3.0
gX96CYY9T3K-jiippnnXDA,2.5,6,2.5
7vXcsbM_q5_QeGbqKaK6bg,5,5,4.0
WGtAd_CzOGuyejMsGiiY5g,2.5,10,2.0
vfRZho84kYAs9oEW8rJl1Q,4.5,10,3.0
TJWGch9lFlQ2gkKGgGGkEA,4,2,2.5
wIsoQXDI4X6elYxTvkD_Rw,4.5,138,3.5
xSYGuHecEWP7At0HYbO5Jg,2.5,11,2.5
B8nDXstqrTsXAE_cGd_9vQ,3.5,3,3.0
xZiIUCZ-NMmkxgYb_NbDrg,3.5,29,3.0
EhwS_aJRsqbaszZrW_NxVw,3.5,3,2.5
WlUFrLCVAXW-z4p-fn_Qdw,4.5,3,3.5
uJSS0Kq1qoiCTXQdxxztrQ,4,12,3.0
n_vYHn44QfjFkTW7gS5LaQ,4,3,3.0
l_Ps014w1LrzLrEeswJp2Q,4.5,7,3.0
LltDzuzRbAJbSrqD4JH-3A,2.5,4,3.5
wfCLz9-aeShbPB7CaTY-qQ,3.5,92,3.0
ewN984Rvux04uuQFrGu7mw,4.5,177,3.0
3OViesv3-RkPDyvdxW16sg,4,20,3.5
h38B6D2yfytGJGR1UEqT8Q,2.5,12,3.0
qK1ZPzQF0Nob_dT2_G8w6Q,4,7,4.5
p6T_XSO4GRjCehL8FB7W3w,3,52,3.0
XhVqPwnKEFa6QuU-NNb2ag,2,6,2.0
7yzFARDjgSSF7pe7IDnd_A,3,24,3.0
p3IleNV_nLmMj-dbzdx9DQ,5,3,3.0
cJ70jm2L5U7HoV53PvDwNw,5,3,3.0
91OcpKIs4scRpgeE_TcdsQ,4.5,3,3.0
escSqSs7Gma9mu0CXkQIiA,4.5,53,3.0
f_e6RWJIERK708E4Cod1wg,4.5,16,3.0
V3XhuBpW1fG1nn_Xgxu_nw,5,3,3.5
ZcaR7xOJgzItSOJBGH-A_A,3.5,87,3.0
pe6OU0r4NqVl6qfurqXInQ,3.5,22,3.0
5TM2HW5stMa6DDdJ-JC2uQ,2.5,3,2.5
dxCqGkhtXq-9fYEsX7Mf6Q,4,188,3.0
okvhzVSYwfN02cn3reYXHw,4.5,49,3.0
FdCK0WrDz2u8bE97asVHXA,5,20,4.0
9SPwF-vRgtuHxciFxv5YLA,4,186,3.0
T_CUh42Rb1IIvTvIViDyLQ,3,35,3.0
nc1FeztHnMIN1C-NShjeGQ,4.5,9,3.0
xgK6AAhJ-cYBUCSaLzgTuw,3.5,173,3.0
r1II4XLr7CxhUYmkxAj4CQ,4,5,3.0
y_jsnI8NUThDecWmgL_soA,4,57,3.0
HmZruKW1_dK31WbEdP1h-g,3,3,3.0
StOzZjyUVTeh9jpn0JSALw,3,23,3.0
0mVPgHWdGaZDJGa0SH6HVQ,3.5,3,2.5
WWlNzfSllSQhr4whj0W_ng,5,76,3.5
Epfwmj7h5OFD2p6hoTKo5g,5,9,4.0
JfHCkwm6Efu8ugt7W1fRmw,3.5,190,3.0
-1lvWTeV_RI1weq8FTnPRw,4.5,60,3.0
tC04i64a3nKCcvrnDpbT3A,4.5,44,3.5
s9HAozHThsCqZGTMkgtNlg,5,2,4.0
W3UMlRDOn9Tzd3kfYlHX3g,3.5,125,3.0
Bi-ykvEO5I6ZubfKYc-hAg,2.5,4,3.0
pZGqd2oocAVEfoghHsm2Sw,2.5,4,2.5
V053Fm3xoCyxoh1lAgDKJg,4,53,3.0
Sxwt7dn0qLDYRO7v6gtJxA,5,6,4.0
jlLwWwpP2e7U6w6aLfgbgw,4.5,17,3.0
HE_rlRkdfWU4lIqHyEj2WA,4,7,3.0
WTSOPGECPOmq-PUxNiHptQ,4,231,3.0
8Zv4xtP3X9a6JBFwtANd1Q,3,10,2.5
n3nOq4DudeEVhfaP5rdgDQ,4.5,38,3.5
FUzHPhqGT_3H5r7ghTMmMw,5,6,4.0
-4bNlx03GsXzgkHZwTrMaw,3,77,3.0
3KCL_Bu8mOk-h7Bp-IXL8Q,4.5,109,3.5
E74dLL-EkPI-abuJuWk2lg,4.5,2,2.5
Oq01QS2G1OvCsunccVSgxQ,3.5,74,3.0
kK_70-dfBqtaNoFeghuzRg,3.5,3,3.5
kP0jBPlZBok4jiAq4vyFkw,3,60,3.0
ES-bdRYNDqwIaXw1G5_4cA,4,10,3.0
5V1K5DRpGrObijbtCuPbcg,3.5,33,3.0
qylwlQOVkj-Dwqr5n2Fd9A,4.5,76,3.5
exz1kmKOapNfXT5CH72Xxg,3,9,3.0
GMLbWz9fY-3meEXErnc2Ww,5,8,3.5
R924yJNNRIbkQ2ju1M5NWg,3.5,23,3.0
fY5s3NUnJTYJOHQeRPYNFQ,4.5,57,3.0
Zxj0lZaHBgXlg6N6m258Ug,3.5,32,3.0
1tSzow6N3xDM4t5sCkDY1g,4,3,3.5
F2E65oG75c1vT51Hd8uMPA,4.5,3,3.5
ab1lM5PewY51cNBjYx2o_g,3,8,3.0
alBrkZlhwTDbQtZxkxwYKA,4,3,3.0
Ump9ZR6bsyXnHgxWCxcHxA,3,10,3.0
WjWW5PceAz7c49CYDOIPCg,3,19,2.5
U35V81BeSi8NUHA2zxp71w,3,28,3.0
TRLMm_deLvlPNmGNqRxcow,4,196,3.0
z4cCguoHdU48pj6sXMIzqg,2.5,69,3.0
TFvvI_MxoTg-rNHpvh3QeA,3,9,3.0
USN6HjZtAGAGz6Tm5GuvtA,2.5,3,3.0
sVL-5l8F75EDfwJxGTg4ug,4,117,3.0
1arFPq3HVIPnGkIVw6RAJw,2.5,9,3.0
I6ZvkRYvzdcYp6QFjQ3-aA,1.5,16,2.5
Io-itsowKNTl02OtA9jnZg,4,42,3.0
DJ_q4ZRKEIUdt1u9wypCeA,3.5,6,3.0
RMN-CkJYZxL0Qr6lwaSxqA,5,5,3.0
nY-xa3efqX_fQquCKjM8qg,4.5,7,3.0
EmfFctZmKZM4fy2rEmPZ6w,3.5,25,3.0
Mlv59JIUCPC2JrTlEmYp8w,3.5,4,3.5
Za0bV7GjMDbcc4nZY6K3HQ,2.5,15,3.0
orUFgCDq1ussIF89g6piIA,3.5,95,3.0
rYdzYIpVH_75GlHaj_ZfEg,4,5,3.5
hFE8zb0h3FgBxL7lNfZgDg,4.5,12,3.0
s225WP7lUEX8C90SGRCNnA,5,5,4.0
hzEFfuz2mOA3whGk8UZxjQ,5,6,3.5
K-bnsVa7FO-mTDTNRpoE9g,4.5,15,3.0
dHQgIwdnTvtsl-st6SdRpA,3.5,3,3.5
5pv14jV1Win8Yhfbde5PjA,5,5,4.0
NnyTtTWVDCRZhHXkdug-ZQ,4.5,8,4.0
VbspQ858e9Qz7SwAJzc2mA,4.5,12,3.0
eZN1rBpqvr_JfDz_ovmGng,4,90,3.0
FSbwaoV455ZA5AZ-9M5iJg,4,3,3.5
P4Or3as2jJGwyBXIZ_gxBA,3.5,17,3.0
T9Md0XBC8iZeFG0OQwbg0g,3.5,54,3.0
nPvwk6NW7j-nbvUzCh94lw,4.5,4,3.5
3ulOUFEOHcprENUsXtCKig,3.5,2,2.0
0O5yuql5sNG1L_bpHb553g,2.5,10,2.5
CxWBwd2-2pqqeODPmyavPA,5,4,3.0
jSqhVWUquT3fGREmNdKdUA,4,192,3.0
zeT6q0x-w3S9fYCDB8Zn2g,3,16,3.0
yFKgnHWkFhp93RxVq1QE7Q,4,6,3.0
OJBkDqbEl6JyN_7hJvCVfg,4,13,3.0
5a0mAU5sGrR174mEghnOCw,3.5,6,3.0
DX7b14UYtkraKGWbG_Cdpg,3.5,3,2.5
3G18oXcJMEtuvMf8NNBSIg,4,13,3.0
1qGq_IcIQLEESnVNMQ52xQ,5,10,3.5
YkH9cCFCvpgeCZq0GkcvAg,4,32,3.0
2i6lkGef2_GMudi6SbRX2w,4.5,6,3.0
yMAJeQulLvOov-5gg2nM9A,4,58,3.0
AK5vEe8X2Ynoivau1B3RlA,4,39,3.0
l-0XOL_cKu8G2jwJ8a-nIg,4,8,3.0
IEHaU93HpEbdUO4z4bKzDw,3.5,18,3.0
hzR_4oyJLJp6kuD7w0ZARg,4,4,3.0
PBw1_DSuQBQYDUJ_npPIJw,3.5,5,3.0
XOhxYCwkx7gfZv8bi68aUw,4,6,3.5
qV5kmptGcVjqwSzbbjWxKA,4,5,3.0
b8v_trsFjSEm69NY5k91Zg,4.5,9,3.0
7s3RGq5NmfAFDKrrrm1xuQ,2,7,2.5
8FPhn34o7_hHXaXyU2JfeA,3.5,31,3.0
eDVAIKZT6T2QmBXddKx1mw,2.5,3,3.0
lzoHy4zrJ_avbJGO5HMOUQ,3.5,100,3.0
6ueyG_SeDQ2KpLx55Qv9xA,3,20,2.5
AcD5G-u_GvLSnL4Vppq80A,4.5,7,3.0
4AUejLFrzodl8AowhJ82rw,4.5,6,3.5
FmVPyzHAEbN70zPZUIbUdA,4,23,3.5
Jp6jJT_DHEjKygTVMvQTGg,5,4,3.5
b54fyOfHMQjxQ2YTomykvw,3.5,6,3.0
AehuBK7aJZM76mAmQ7KL2w,4,8,3.5
r39QI50sfpVK1XpBVJpAIA,3.5,38,3.0
QeBlSpVFCAynteblycwgbg,4,9,3.0
Ni9C6R4ULJKxM2TV8eMdAQ,4.5,28,3.5
Zh3bDbAsIAiFF1T4rGgg8g,5,4,3.5
keSQCV-pCZ3TCVjPh5fvYQ,5,3,3.5
dgzU923a29Yb1M8_Rz6R4A,3.5,5,3.0
CW4Qx9vk9D1o47Qgld5PLA,5,28,3.5
qUeBDN0D8SC93KeAHhiL-g,4.5,96,3.0
4UuZK9MC4yYg5AJ0Sw6CrQ,4,9,3.5
NtPR7xaSxkQTWW1HYGz56A,3,3,3.0
waeCYkwULm9GKhFFkO3WdA,4,77,3.5
yp4Erq_kG7Zi6Bssc07Oxg,4.5,10,3.5
K37KV1hcxm5ZBpEwCakAcA,4.5,5,3.0
yhSoMrlnA7GNbBxJP2pLEQ,5,5,3.5
qystjlmQDxc1oPQsYtsj6w,4.5,7,3.0
Ii7h87LYLxug62Y_CmnXkA,4.5,6,3.0
vuXWx7PoWLw4FKBR_pzEOQ,4,21,3.0
UtWdmmCdMtm6iqcc7ccO_g,3,19,3.0
nLTV6CNMZaPeV62T5PF_LA,2.5,47,3.0
POYKAHeHTwp7VafFSAQTjw,4.5,20,3.0
IdPWiMJnUNa7DksA-Vg-Dg,2,5,3.0
AcjaEcJkm0Fnld-obqFtqQ,2,36,2.5
hc1UgB9c2EYEmFmbyc8QYA,4.5,14,3.5
D6_lZYCG3I-RTGwqVh6A7g,5,4,3.5
kT_nzjaWqRyda4XxEFsCpA,5,6,3.5
qABKRj1ggJmtvrL9FMFtuA,5,3,3.5
DHAq_WmQwjk7gviKXwqnjg,4,17,3.0
wLL9UbF29xi6C0Klh0QnfQ,2.5,3,3.5
vNL0T2hrlIO33Rbbbi4sLg,4,17,3.5
kgwcXG-HRuexRvBwT2IYzg,3.5,3,3.5
zvY7eVXh0anIIjmsZEKH6A,4.5,18,3.0
sbAkrBIVXuQG1U8e2wyhqQ,3.5,51,3.0
dFrVbVtYI5Se64hRPKTWOA,4,5,3.5
as4i7Y8si0jPWqCls56szg,5,6,4.0
RCo2xqW-7PU-gu4yaiSI3Q,3,16,3.5
TJGyQhLXa1tGjs3WNT8JmA,4.5,34,3.0
MOp-_3KGhhL5a_R-n4HbVw,5,2,3.0
BvynguLqB_uJRQ5kUNKCmw,3.5,24,3.0
hP9Wr6nT0Z4Zf8Fm_merqg,3,2,3.0
cZl7-Um4HiJWFgDVmMan2Q,1.5,18,2.5
lv2DSTFBOxefUNLbiWexow,4,12,3.0
a0ANvc_KMLS4kFNCbSu-4A,4.5,4,3.0
rQCQsKxkqfVTYU9wgzhVSQ,4.5,17,3.0
2a8ieC69UOfI7XE9j16Kgg,3.5,3,3.0
k-JmClNdkawWFrVOwvMurA,1.5,3,2.5
15I-8lBqswpncTCGWJNDLQ,4,10,3.0
lwHmQRGucyN9wfGRnviRgw,5,4,4.0
l6d9-LxY8gM6v7WxehHfwg,4,18,3.0
O0P_bFxfaMKge17576LMpw,4,7,3.5
JNfe5xc5_wEHIIBp7Tp35A,4.5,31,3.0
sF8rL9XOz4v48YdTucaBGQ,4.5,228,3.0
iZ4ImlIK956bbi3neAJf5w,5,5,3.5
_NfMlVsN-KY5TMJHHu2wwA,3.5,9,3.0
dqn4CQHrREP7azkTjc-QBg,3.5,4,3.0
qMcgzoz_dFD8XHPNUjeK0Q,4,47,3.5
l2lC88_m5WMOLSChY4_XWQ,2.5,23,3.0
Y5IphJz40qozno6INJsPzg,4.5,14,3.5
nEDIL55gxABfqbRy94AmMw,4,9,3.5
FAKevEJKD1D1Nccy6vccgA,4,51,3.0
ds1_epO_FF6Lf9R3mvuDDg,3.5,9,3.0
YbL6pbLmW_mohngendXsQA,5,4,4.5
bpoUILucBUsbR3zWuWAM3g,4,3,3.5
B9C6j80ob0f1pwi1Cnnd1Q,3,28,3.0
CSsVUZNYrROBdn6YQoDgOQ,4,21,3.0
1fSlarYpCHK7gGeQ02CiMg,3.5,4,3.0
nDE9MDHhQ_B_z0j5tb_akw,2.5,5,2.0
93UCt9OgWYmypZCpXtUu8g,4,112,3.0
jDb0hsWnAlSEefiCdoRt4Q,4.5,3,3.0
wSCWrEqPD0RgOepGIbUYnA,2.5,16,3.0
m7lbAuf32td7q6w4YxImlw,3,19,2.5
BdTRQw4z-bxVfDlv-JSb7g,2,5,3.0
IH6AR98ac6KzPyFdc8t8yA,4,4,3.0
9hOEP1m3Twyb3QlcZXzirw,1.5,4,3.0
6rFVdqC74mPnkDmlSUOADg,4.5,19,3.0
4KNIPambhRchLTH3St9HEw,4.5,23,3.5
rB6IWv6mW2IVjvgfvNGdHg,3.5,123,3.0
QnH42-IWuvmmBKtdF2gUZg,3.5,3,3.5
7MdzVVJjRNTRY8Dta5ednA,4,7,3.5
j2zuOzaTwU_vy8BgRUQiyw,3.5,17,3.0
wArHNuk6vt4VKx5zNsJUZg,4.5,4,3.5
qpbo_9bePjV9kjVZT8QeIg,3,13,3.0
YDCxBTJmF-lLCk1Qx8vDfg,3,5,3.0
O7EG2bsUyIjiY43sFnRjCg,2.5,4,2.5
CW63D7wq5s1sxAEfaNhW9A,4,6,3.5
XmdTkxKyJd7TuDLoiic1kg,3.5,249,3.0
3Iv8lruEzrPVw8RR6I8ybg,3,7,3.0
mOJS2WaXrENCF1xvMFfYzA,5,2,4.0
0MmjeVacAd-Moe8CesiB_Q,4,14,3.0
MonRZXpZ1vbBtw-q9bfGug,4,66,3.0
bXJMT69fiM5SJJzITUir6g,3.5,4,5.0
my43CcNFtWLxYX50vA-irw,5,3,3.0
p0qd7Nd0shoRmHSXl2F-6Q,5,8,3.5
I7za9ps7AFc0CgCU-l5oEg,4.5,3,3.0
vWnKq70W_WZ7FFLgmAfv9A,4,34,3.0
OGRdRr9rjsXGChCsK7vfXw,3,11,3.0
L2cDT0CF7BEiYBqwGl1_KQ,3,7,3.0
xl1mNGpaoLdiVWj_D6-L_A,4,153,3.0
e-NeZXTnBDPlu2LfjXpv9w,3.5,6,3.0
nZq_D4BLT2J8Uzku1xJQ7A,3,4,2.5
ihUWFwY0r3ApW5aZ4Aqf9Q,4,393,3.0
N2DwycuZl95miWf39Yskaw,4,5,3.0
vMLItQgYY195s4Y1ZpigGA,3.5,1,3.0
nweN3oA0Ao3I9sPZmWwexQ,3.5,20,3.0
vWnwaD-kykqiEc2Q0hbYsw,2,5,2.5
_JFJMiT1xo4A-F0LiG_0WQ,4.5,19,3.5
xLHoIzaExmTif3Bc5rgJFA,3.5,4,3.0
z9etF3Km6-Q9oatWlP9Ugw,3.5,3,3.5
CxMB7Ug1WpD7Vve40vMVgQ,3.5,13,3.0
ioV0fs3dPiJeuP4H1UjkVA,2,5,3.0
4YApQvnmdGAzlb8nnBUMNw,5,15,4.0
nx89PJYHZErMoZS7uxZrIQ,3,4,3.0
yKIo8_tja6-vEYEzsPsdRQ,4,31,3.5
39zsyVps1bjZH-Seunc5OA,3.5,19,3.0
_Ym_8IJk6r-15cHKAbKuyg,2,4,2.5
hkvmfv2v6y5rmhWBqnSkSA,4,15,3.0
Q0Mb1wtXrza1nKWHqiLfDQ,4.5,3,3.5
7QBJDNVH6VPAStSvOM_lZA,4,8,3.0
0Ov1O2Gd0dwjkSaj5NJbhg,4.5,6,3.0
2Yv6Tgb5mpoEo3_EIpKs3g,3,48,3.0
lHP5STO7aomlEQixH8m1aA,4,55,3.0
Od9niVya8G5BD3a1l2ss-g,4.5,4,3.5
Sr9v3qm6MBUaePm6J5roWg,3.5,5,3.0
BOrQiUsbnYUM800ohW0Ofw,3.5,28,3.0
6eU9yPTTbf8PS8fMc4nmCg,3.5,72,3.0
ZZd5p8hW25xKd0DxgHxxmQ,3.5,6,3.5
WY9wOZ6-OXJ6-_0KNupjUg,3,9,3.0
CwcDderU_36RFG8Ffi47mA,3,5,2.5
fp-tknN_5XBmhUS4fSJBgQ,5,2,3.0
9S1I9r0JXTaaQ7yb30rP2g,4.5,93,3.0
NG36VTXtodTaznB6HtZJpw,4,49,3.0
_YlqfCugl0SfxX4L3QjIEA,4.5,9,3.0
CcagouU5dXIkv2cb-p5ZlA,3,3,3.0
kDtr03NIjERTqpdfVRCXWg,5,3,3.5
I_LlnAQe7jGwO9rfjaDdLg,3.5,18,3.0
zl4AN0WlY0Zj-1PdkyoldA,3,25,3.0
oVA7jYLVNSTwoHkzNctqag,4,12,3.5
49nxzKLr2qQnLF58qo2p1w,5,3,3.0
EmyOcwwNvLvtaKPcaDIBpA,4.5,52,3.0
F1dtFd0GnSioCfIo4gAtkw,4,10,3.0
wjaU2rESXsLr_emUTbQHwA,4,12,3.5
8bzvvfrE0r71ZrxOxAgpaw,4,25,3.0
XBoZ37qBlvgZyfpIO0yEzQ,4,21,3.0
tFwvxmepqJz8yAz0bfKjBA,4,6,3.0
OuF38B4zLRcZAKpFRUYDuA,1.5,7,2.5
wHi8ODv7TGmeUB02XoX-mA,2.5,165,3.0
5NcgSVx0fJFYManZSJyRQA,3.5,48,3.0
DHdCPauf_hs5yITz7sJVZQ,3.5,15,3.0
KiLWYjtTcSL0kc8l3odQlA,4,56,3.0
FoWv3iO6TuTBAxNbDjCJ6A,5,3,3.5
cJotlRvt78K6QtSSk1j0mA,4.5,3,3.5
zz5eC4ux3D8AOrKKYCU0YA,4,24,3.0
HUrYuESCC0jFovp7pzXucQ,4,9,2.5
SKQgrrPaatieak3XKBDXYA,3,34,3.0
inngNun5R62Hq2J_5sJhDw,4.5,17,3.0
Gk9UZJg3ELxnvn9EPRnDFg,4,8,3.5
VwVNTY4BtbYIl3cInH9E9Q,4,5,3.0
IvgKdlte_JNdd17XRxkOrg,3.5,18,3.0
X9J8eAcqz_tvdU7g8yy53Q,3,9,2.5
ezi5Nz0gT5lk0nW1KTiYnw,3,127,3.0
ouTDIL0eqSCSRxNk_Qt5_A,4,44,3.0
7KIFBT5oAMiE_jK9EM6JXw,3.5,7,3.0
2DgtpHdWPwUenOwwpQdkrQ,4,6,4.0
yC4FDptvMZ_xsLn6jO0pvw,4,4,3.0
z9H1at5bT5FKfPUR6LPo5Q,3.5,113,3.0
YrvU0K9sMG87vbRRrKs5UA,3,3,3.0
w6bhabpSWS5qjFb1AT72vg,1.5,3,3.0
c7hwytmur_DNYnzdBrz9ZA,4.5,68,3.0
WCrtUL8yCbWM7ROIVBOPHQ,3.5,3,2.5
MALVwbgb3rS4GBu9tGlNUg,4.5,72,3.0
sz4JVyafmx4gVhE98zAcqA,2.5,3,3.5
tpnEAM1bfOpz79Lvf6SmvA,4,53,3.0
DOpzRvtCjJCZuCUmrrA3nA,3.5,6,3.0
irN5_DMRaH7hRczpaMMd8g,4.5,6,3.0
wB8WWTppgRGITwOCJFI3ig,3.5,2,3.5
cg8b1FGcl-Sytfa8UlCcjg,4,6,3.0
bEpCq5dFv2xfGLEAnErV1w,5,10,3.5
ZS7-I04iDm4oRP_GJsJqrA,4,6,2.5
O4Vsr3w0d7rvq-IyclNiMw,4,5,3.0
McHO_tvPofRkZVFpaZaWRA,3.5,25,3.0
wd1NIcX4bAcyquWC2GWUlg,4,7,3.5
TyIsuojeKcTb4Acfg7xqew,4,12,3.5
42hkpcthl6tJFblVCgNvtw,4,30,3.0
up1BV6elXTQfRXxLvOh-9Q,5,3,4.5
lFAb9TuCs6gJ7y_M2uB8gQ,3.5,10,2.5
kNirc8dWKg7C2Y8EmtyhVg,3,89,3.0
d7X102hxjbTeWVhQVdh64g,4.5,21,3.5
o8rfoxD5KyMUNxeWIaJhJw,4,7,4.0
YHbYfHVrqJ9IL3heo-Zu_w,2,4,2.5
6SAGhY1RehqyaRTuM6CwAw,3.5,9,3.0
I5JRRkFZrrdcdiT91WwdUw,4,5,3.0
imANc2oROD976RWUM2owLw,3.5,80,3.0
9mwShpTgZofOujt4JfyGmw,2.5,86,3.0
YXxvq068XKqjuBmigdTc3w,2.5,3,2.5
2K52MBo_VfymVw5qVwGcSA,4.5,2,4.0
RmGlsFfoxaf9vWpfkyXBjQ,2.5,4,3.0
hsdckXMCy_Pjsj83ODyhqA,3,4,3.0
H2eMJjI7ldnPr1AhLgMxXA,4,5,3.0
_yyHTeCtVOQKjD6G6GO_lg,3.5,11,3.0
bBGaDEJVpUNEm1qAMdx0_Q,4.5,58,3.0
OsSzOLKcTbL00f2TQb12cQ,4,71,3.0
K3Siym3CeiWIkxKhpy7y1g,5,5,3.0
vWrXsnk4DMRUckSR1tMmXw,3,4,3.0
bNcpFUQZ6sDcn7j08S213w,5,3,3.5
mSjFI6gDPqUPwyNYuMioNg,2.5,30,3.0
0zO219KZJf-5QsRNRMmELQ,2,1,2.0
rsCGTFBaYpl_-syrZXmr4Q,4,3,3.5
LvqDCWtBmuSl6eMRftvoSw,4.5,8,4.5
HsRBbaajjwwYhkMSBmmLRA,4.5,11,3.5
GM4-aWjgQjxN8sOwff7Ufw,3.5,83,3.0
VKIxpoY2iGqsx22IQE36vw,4.5,22,3.5
ka-sM_IO4_5J-ZQo1-irVA,4,3,2.5
V7r0F2kr1WlyNOBy-C_HMA,4.5,184,3.5
jwqiMg68np1Fego956yYIw,2.5,43,3.0
slc44MJu58XNJdUa3B6dZg,3.5,19,3.0
fnKjsT1rQKS9x0Zw35TwAw,3,22,3.0
9NL2GL4jSPVj9SKijH5PqA,4,16,3.0
XRLPalwuNwc3ROsYkmWpbA,3.5,5,3.5
r8jeeS3k_diihMDSu9IjlA,4.5,136,3.0
6xZiriP6JYIdQymVoI9Q_g,4,20,3.0
1uMpsCZjnKHEaPdrxAMY-Q,3,48,3.0
qIS1_yeG1DikxOFBHVyT-w,2.5,10,2.5
vkRpoXtEaL4UEERUWMp7YQ,4.5,3,3.5
yalcA5czeW7qly_6ksp1nw,4,8,3.0
J9_8HE0wPaBHgXXUMCq3xA,3.5,7,3.0
DMCNGlV2VA6dkD6z22bohw,2,3,3.0
WsnNBqhJWsmuyJ1UkL2KTw,5,3,4.5
rmMssDMCWopIaLWq7ZCm2Q,3.5,12,3.0
PQWrBAXEVtC5Q9eqdyl87w,3,9,3.0
nBl_NeArpL08MpoghDiA_A,3.5,63,3.0
rVwbsvynuVZH5LpgOx4oeA,4,12,3.0
zXCoCQbYxYcfzqxUV2iSUQ,5,6,3.5
ugAF3Hc9NPGl3SVx5ddG5g,4.5,20,3.5
PavTvJ4JSe9rAwjlr-wrsg,4.5,32,3.0
sNAkXEFFKRAnzlbXk45h9g,4.5,16,3.5
Y0YTzmg5Jd4xuC2ry-pM3g,4.5,4,3.5
RPzkvejquNIxFDG025t8Jw,5,22,3.5
cH8I7JgPXcrcutT1a3YrjQ,4.5,19,3.0
jup_vxxNC-XEAFOX2uuc9w,2,6,2.5
2bBxE8pEbLBETejCi_aBeg,2.5,16,3.0
l4zq494c6zfNUJrMcd9Y1w,4.5,2,3.0
KH6stvNdq_aV0HvKw8P5yA,3.5,16,3.0
d6iplekfa0MMII_Hrko63g,2.5,3,2.5
XWLtYPhCpHht5Zn52zp3-Q,4,27,3.0
Cg5hw-OIHSoTiJwKoLPu6Q,2,2,3.0
EmHlwDc9RsK597NbJtyEmg,3.5,12,3.0
Nkfo8rmm8YrWY1JbK7_KWw,2,4,3.0
koMMs8T6UgrXGKHoFQy-7Q,4.5,5,3.5
79Z0VidcBIBCi7-hNCLmSA,5,5,3.0
W5pth8o1Ltf61zFrBR327w,4,3,3.0
QBdX_ziDIyshttyAxDnskw,3.5,125,3.0
7eqqQAwMG3jbTxnR6fNk2Q,4,22,3.0
YyoXla4L4uIGSf05110XaA,3.5,7,3.0
Mm4CWy0ZPxdgCfy-ZfcoEw,4.5,15,3.5
nVyL22lcEZoUNoAMgfKOyQ,4.5,60,3.0
J-2gOj0x7uLWdy-2W4vUjQ,3.5,7,3.5
GnhBikki3eNPLa_B2gKVdg,3.5,21,3.0
3LM_yK3iF2VjkS6mFRF58w,4.5,16,3.5
KPfW7qrWT_JdRHwM0k8yiw,4.5,72,3.5
YiJbDWMD7vv52p1mkTYM4w,3,16,3.0
uZDXtaFVR307UOHhn2sStg,5,6,3.5
mbSIq0yerQhEUEFBB4pVGQ,3.5,10,3.0
a5t_OgKm0Q4kEDZ3wTekfg,3.5,5,3.0
Nnk1gNKSi_12ziNuK2llxA,4,4,3.0
8JNdJrQzyP_J2Us-AlVhng,3,32,3.0
sKEvPWK2QrvlCFf0gpi4LQ,3.5,16,3.5
9b-YnpVt3P5Sk0_yUDaMGQ,5,5,3.5
MW0EsqEBHmasU0vHYhRYcw,3,2,3.0
5M2JDCep66K9VoVcsybwMw,3.5,4,4.0
hz5sOX5-vX1xx_NtZzVAZQ,4,3,2.5
pFh5W8euJOsU0dBYPoEN-Q,5,4,4.0
V8WFMV3iMvUvJGWBzexe_A,4.5,19,3.0
jV2X75F0jmBCGtgAlIFnAQ,5,3,3.5
ZQ0zBi4CKyqKmptdNajMWA,5,4,3.5
eIQsJGHL-j12HM-7eGGN_Q,5,3,3.0
Bza-l75OiKcMRmTYILpyfQ,3.5,19,3.0
b2YCKBt4A4Jub9r0BvbMDQ,4,2,3.5
PFJKMFteg0bdyLAkHx_b9g,3,5,3.0
DAOt75CziuEyRyEH2hQ2JQ,4,3,3.5
6FRqgRAiSwqWbbUCz5XIBw,2,8,2.5
xJ-Vq01ULNg_9-4CovAUbw,5,18,3.0
MY4yiFzldu8GpzwUAaF_EQ,4.5,2,3.5
U3FZfxY-g6SgQf5ZT6oU0Q,3.5,75,3.0
Lb2TBwZelvHqb5n-o4Zgww,4,15,3.0
20DyG_lwW8ymzA-0dhQpsA,3.5,24,3.0
1CAMCc3ewHXosPqYsYluWg,4.5,14,3.0
5h21ieNh9EasiD3WtJUUqw,3.5,4,3.0
079g3KpS_7j_Zw53JmD9Vg,3.5,67,3.0
wx1k6etLXOFkl5g-Z5ILJQ,1.5,3,2.5
8XhyQYCDqk5liliw9Z1odA,3,3,3.5
sJUKE6ffe5WU_9IKXuJxCw,4.5,88,3.0
zbII8lsdIghmOk-mBByMVQ,5,7,4.0
lGJTErTf8Y72U4OLHhW65A,4,126,3.0
wSss_Alw88phYPdtAPs-lA,1,3,3.0
T9lBBARvdWU-Ji53nz0O8A,4.5,3,3.5
FoA6_OQR-r-ruoEEBw9sjw,2,8,3.0
s74Tq6WKV1b91UFRr7ch7g,4,12,3.0
4Z-pmHR5X2E788kSLE3euQ,2.5,14,2.5
wQlyq6tO_kwv7eNTiNQzgw,3,5,3.0
2OhBwi83GEBlarsr4pEnWA,4,6,3.0
ehmtix6CHtneuYXzbrSwYw,4,52,3.0
G8KW_alJwGhEx5IAT2sunw,5,8,4.0
jTbAQmf14ZqUEXZvS1nLbw,3.5,2,4.0
MZbI6n8rFDeFC0SwpBpl5g,3,26,3.0
UCd5WEiCH9bOMVuXVLBwzw,3.5,7,3.0
MEgNULnEYQ40EDxkTpfHxw,4.5,37,3.5
fHfKprgE_HqMcwxuZzBqLA,3,45,3.0
KWbZpWhmGqpedH-6_HYuBQ,4.5,4,4.0
FtjvnLhh51ZBYEpKAARaFQ,3,88,3.0
SH_SFnXxaCgn1_LMT2tzJg,1.5,4,2.0
zCakYVI_12V43wFpNjcsqg,2.5,3,3.0
_mEG7lN5dmuEg4tnpUyALw,2.5,11,3.0
fvhWfSPlx5J_3F-ScLpvXQ,3.5,131,3.0
8RbRQj58Dr9z4oUf633BMg,5,5,4.0
5Q7mv5SRfIuyefgVfFwv7w,2,5,2.5
XxhYW_KQwQk7As-2sVelhQ,4,24,3.0
KO85zr-Dlv4yNR6fXE-imQ,4.5,7,3.5
JETqJ6kdU8vlMxPsv6bXeQ,5,10,4.0
kdwGeJlYwmqt9X49IG49mQ,4,32,3.5
0hUgrYgiLPd8e8TuHfoqMg,5,4,3.5
58CWQ1FOtT1ClbREmUb-pg,4,5,3.5
m_9QMfvVYFKsxPjlkCvZqA,3.5,120,3.0
dRhY_HXQKfue3UGUCeNO9Q,3,8,3.0
pxh4yt-TYwk77GFL1x3z5w,3.5,10,3.0
5MAYRVHUxr-xVBycF3VoYg,4,4,4.0
aIeRlSkbFpQtIlmKQtzeDA,4.5,3,3.5
LPZQWQxGkq5YQs51gA4VBg,4,4,3.0
9XRMgi0x8XDvSn9tzvqs8A,2.5,18,2.5
j7bZMYr1hPz-nc5BmxTFIw,5,3,3.5
rM-yscH8mBLYvpWnmvuPMw,2,7,2.5
zKPZZxbSZmPu6IcFZ4YHJQ,3,27,3.0
Mj7OA90Rx8Ts5G96X5pHCw,5,2,3.0
2K-XaFjaHUR8Dp6QAihITg,4,253,3.0
I522MkH30yljSdZlQ1t4VA,3,4,3.0
WRWh8BiaoICpsilqI7WrNQ,3.5,72,3.0
kj3qws3WSMgOotUeACSdFA,4,70,3.0
ar6UvDX5NQrKpd_4u9pdcg,3.5,22,3.0
4CRQiALk3pSl5LEkKo3dmw,4,7,3.0
glhO4eUY9BNZEl6uzDwt_g,4,9,3.0
YTqSkgOiiI9HG3hNH7ovfg,3.5,19,3.0
BaoMhBMUDnMDud6F2ZgxrA,3,4,3.0
YrP-mzHMMkBTb2-tjEll6w,3,6,3.0
GglpWsOTl62l_njDyGdnhQ,5,4,3.5
OcTG-KzDleuRub-pb6JS3Q,4,4,3.5
PLPeY0cYisJXXUFyEfRzlg,3,58,3.0
H5U-7FxwLOAbNhSy5jz3Hw,3.5,2,3.0
5kD6dP9etfUqtyXUZu9ZyQ,3.5,47,3.0
BL3JjW4GiljNbGn90Bk_Fg,2.5,13,3.0
9ylfrWjdX6CltGs_Qcv7Ng,5,338,3.0
8xvnIG6zg2cA-thJJ5NW8A,3.5,9,2.5
TFvwZutGJS3LfNA7NKbJKg,4,11,3.0
DkX3YoxhH4uADsgVgQThew,3,44,3.0
WVzUiZeuFA_9NyDNum_spA,5,6,4.0
YOUrmCyxYlWFhc1Fph6s1w,3.5,23,3.0
qA1PXTv0snTO1gpNPm-Jfw,3,24,3.0
gXUTqgRQ_ZzkG7qEpR6PBw,2.5,6,3.0
enMbiVCKbvwCtYPZJV6UKA,4.5,12,3.5
BjpdWfjpMtyRL_ZApzarDQ,3,14,3.0
2qPTMjevPpL277yfFfGvFw,4,8,3.0
iYhL9G3Fx5eMd-OfunNpdA,4.5,12,3.5
oXaIwYLi9mzUxcYde9rDcg,4,5,3.0
4pDO3TZ-WJDofAt4uREMig,4.5,2,3.0
y01N4aqGi3e59n8r-GTCOQ,5,5,3.0
jtawSm1vdX225EH7Z24iBQ,3.5,4,2.5
EfHAsNzL_edCu1z_K-e0ZA,3,4,3.0
Hvc-HItwUevn8Ru3GqR17g,3,4,2.0
jfD9kkVhx1bds8BvVWXd_w,4,3,2.5
PP1iNmpyRIEVpWv98IVvFw,3.5,62,3.0
VkaQc_XSCyy1TQsmRXVZhw,4.5,30,3.0
7lFWEsNkTR0RwI4Dvhueww,4,50,3.0
VQDqKpJ3Qa4Cso1Wuk92UA,2.5,13,3.0
3Myg9RPgzDaDOT4L0zbYfw,3,18,2.5
COQXvhLB0nzeZ8cvROu0OA,2.5,9,3.0
HQPyYaaDDcS8NEAnCUCgow,4.5,25,3.5
dQjaHoo89bLymdMm4S5_1g,4.5,18,3.5
xu7PDGbHRp7f3cLYGhHrAg,3.5,7,3.0
PXayh8IaeF-5xqMuCIu65g,3.5,8,3.5
YRZZo8vhXqRAVVZI-nrnYA,2.5,12,3.0
36IRBzrYrVnUI-aC8qytCQ,4.5,9,3.5
1LrNuxTU2e0v3lEW9VLZEA,3.5,3,3.0
BBcNrsJ_KONXnBno2etaug,2,28,2.5
F5Cprqitghoo2RaZBKdlxg,5,30,3.5
JQzJHLc2LBNYJ2ljTkiuXw,3.5,6,3.0
g-sizDI5AvXJ0W94VVyuqA,4,25,3.5
1xRLO1NM8-3soskp2fEgyw,3.5,7,3.5
eqPbwvWHxFB4CnqN7eoopQ,3,24,3.0
uX7zP9SdecVh9IZDX6VqqQ,4,3,3.0
J2x_AMx591i6TK3xccEzqQ,4,98,3.0
P5Xd9DX3O6Zs_-zQgIlWew,4,34,3.0
Rht_xxtVzTJK2IgrrXmppw,3.5,111,3.0
08eRFhpedodAf6atSRK09g,5,3,4.5
Yoge4YESXThqkbH5JImI9w,4,7,3.5
F8m-yaYR0tKdSLAuVQZXhA,5,3,5.0
PvClFu-OG4-3mG1n6CjgPQ,4.5,2,3.0
1vK7gWQ_b5ehAyOidOsYtg,4,126,3.0
3IrRT8CD9xmJIkjwpfY_UA,3.5,3,3.0
hmmDjDxIEBIYzt-pRetObA,4,4,3.0
1iHw75jgHQSCfUaR6mgwEg,4.5,3,3.0
cpWFWJoQb8fJABt1JLdw5A,2.5,2,3.5
Z_6hNWPNC0O-IVZ5m3kBtg,4.5,9,3.5
Q2VnjIfwLcmZHX-YKKsdng,2.5,50,3.0
ywbiQCZnCrK8A4K9TkWVTw,3.5,29,3.0
I34mPToWNbOedyvIyZ5imQ,1.5,5,3.0
ZMLt9rTN-W8tZkgQrwnx0w,3.5,13,3.0
VqM_c390_3JcgHeU_5Pv-g,5,3,3.5
tffRvxHuNX40wNRpwG381w,5,3,4.0
lqbeqheGBJNtvD0fBLmTrg,1,3,2.5
nDnbIOqoKSAG339g6D8OnA,3.5,32,3.0
6a22po6d4gYBPClKsQbvfg,4,3,4.0
qCt0n6_JHHdiNCmSu4xoDA,3.5,9,3.0
l-s0rNwp_qccC2M4Phz9Yw,4,198,3.0
aiDMh26ZEatoEt8JZb4pfg,3,8,3.0
EAghvlrSCshmw7dU6l03yA,4.5,28,3.5
X7844DdJO4y2oVbcpxD-NA,4,286,3.0
Sme0wFtcag0lP48lgCz_dQ,3.5,7,3.5
lVH--3M6eVaNf5CBDkZJiw,2,7,3.0
DQf154I5lrbJ_d_pSkiGJg,3.5,113,3.0
O17FBkknzlwPJhXX3tEQ-g,4,28,3.5
7ZwHZq29K5mXyH5tqyPJ5w,4,52,3.0
825LWZwpTWU2-Md4DuMCrw,3,7,2.0
w3mThhi_o4vL8Ntq-2Zjww,4,7,3.5
f_5sr8UNUpQH5a9MZxdJgQ,4.5,23,3.0
aNeEM681T-OtZFFt9Et-Qw,2.5,3,3.0
9KsHPdF1-P_CiXnvugdQvQ,1.5,8,2.5
qE5Q3Yj2Up3wewsh1NsTuA,4,55,3.0
iwkDUiXpKjtSWWNyO9ORyg,5,5,3.0
LA8PZ4ygfClTtdsRpUcBnw,4.5,11,3.0
08lbwQLMLaZNHRGIo5WJtQ,3,7,3.0
dojsd6ReoLkA9pXxlNTDUw,2.5,4,3.0
Nqw610-DAmucQvlHZvrMkg,4.5,12,3.0
dnslaCN5RLTTl5L2uCxKkQ,2,3,2.5
evUT81j1hZTA8ZNNlclqxw,3,14,3.0
mMLgC5hAO4NrXPRheADI6Q,5,3,3.5
jbbaOY_Jh71a9i7JDmkY8g,3,3,3.0
14JrDlEb7SMK_ZHrS80lFA,4.5,104,3.0
IBQ-URinASf2z7_2Yt_LNg,5,3,3.5
g4cydNKVT-W3WCu4A67y1w,3.5,3,3.0
I_1EKAZ4GrOYaAE_4rM-3Q,4,4,4.0
cyAN7TRcYwPzMhHLXPf8Cg,4,3,2.5
s8_GT11c1h7pyIdpyje6Kw,3,11,2.5
oAld9JetfkrhwCwuQVU3dQ,3.5,30,3.0
C-8JfFK8O2vgukDN3nHt6g,5,3,3.0
AfepPcFqr4FNnkXmeIzpww,3.5,2,4.0
U071C9Sl-ICavtE0hUMpcw,3.5,3,2.5
6AnorAMPkTdSDbUkOoV1Rw,3,6,2.5
qCg90xkk0VgdNF6IirZEPA,3,18,3.0
f7KSZQ9NZw-bSdIEXQsXJw,4.5,12,3.5
xO09rJXkqonSRzUzcwjoFQ,3.5,6,3.5
kxZIebwbpe_ddry6EKMdCg,4,12,3.0
xgcZN3F2f9LxLASQK_xzhw,4,20,3.0
kg4AP5am_IUczgp1neOvMw,3.5,303,3.0
rDCKfDyo1SPNAyXnUekryg,5,3,4.0
7B7ncPm1BLWDhvWFdPdVAA,5,13,3.5
PItKza9CyPAzGtqo60zZTg,3,4,3.5
bwu0cUZfksuu-uzTPrrl2A,3.5,579,3.0
UDzATe2vUK6xPbfPlEcx1A,3,4,3.0
my7iYjsUooaJ7_K7mKF2Xg,2,3,3.0
Nwo25wdokkG37VMUfmqNVg,3.5,4,3.5
GurHsgPhdZp5QRWN6erOWA,5,3,3.5
uWFJ9sXRSVznO6fCTKOSiw,3.5,8,3.0
kiXE579k_sP6XCj_XUJc4g,3,31,3.0
LM2HhFyUCp9uoZR2tP8VDQ,4.5,7,4.0
5dbzunCt920nwML5pYegsQ,4.5,34,3.5
Y3E5QDlKmjHD2zOSPASFIA,4,4,3.0
58RJp9m7hMt132ZP8fvm3g,3.5,1,1.0
lr4Zti9WOHXWHu8Yp3zZkg,4.5,2,3.0
vtODRhBYQfr614DwMesBKg,4,14,3.0
OWNkVvDfREC1_6S3jS-7Ug,4.5,4,3.0
PhzATk8aYydq9E0Aj4-fwA,3.5,27,3.0
53bxZN3hikoJZkd1EBdhrw,4,12,3.0
oYx4gl-_ngSh7h2jQxPEEQ,3.5,3,3.0
5TBOg9Rf47SECB8gTNGqeQ,3.5,55,3.0
wHr6f-TgumeCiqSxcgVylg,4,16,3.0
hHUxynhRliO0rdjgPYesOw,4,18,3.0
F-Mg9bKk26-p4CoN9gaDDw,2.5,3,2.5
nwVGjLVWCzmX5hm8xI2O2A,3.5,22,3.0
vcZWlI0eHiGwlUfP-5Ov8Q,4,271,3.5
2jSTkJa3wLO0aE0uI3lpzw,3,25,3.0
oJ96C5zZB5NBCxaCABv3sw,3.5,3,3.0
OhwF2JDqlYMZl5Rp3WRBog,1.5,2,2.5
3DjJENjeQGqNyW6zOHfEDg,4,7,3.0
7XXmky6YYjsvKFwho_eavg,4,65,3.0
3u7WY-VUY9yN3eS65phIZA,4.5,11,3.0
6THckpNEt8VlGpYgC_4JcQ,3.5,288,3.0
Y3jLM_f_K3waFvyeC-ex0A,4,12,3.0
U5oM7F_XUWMiTqto7tcPVw,4,66,3.5
qUJbCo-xJ9A4nE6nXMOwIg,4,3,3.0
4LcFKTr6Ah87VcxW2z5e6w,2.5,4,3.0
4O0GslAIwG_1regXO_UcaQ,4,258,3.0
2SXcJT4yW9EQoEuNI1hmaw,1,10,2.0
hm_RS-QAHXv6AV6qK-ZRxA,4,9,3.0
L3x-8hjCSSh5CdfJAeiDxg,4,45,3.5
1mCFRovRzuNNgXNf_YDhkw,4,10,3.0
NHkk76ARCFXG0OE4eXFFPA,3.5,12,3.0
t770rFHYffrc_Rf_y9IFlQ,4,62,3.0
SUNKX1ylLKRh3SPQkE0RLg,4.5,3,3.0
f0lx8pPqhcMUCJgURzMUSw,4.5,6,3.0
kaSX6FIPzRtDyAM0J-39_Q,3.5,5,3.0
RkZ3Vd-gYWQrlquzFrlM4Q,5,4,4.5
0rGKsDpXf8H2fLaDEwWa4Q,3.5,4,3.5
vTHVf88tai9n0902QzZiig,1,3,2.0
Yj1EJ_HDLtw7wLcdpmaY9w,4,193,3.0
9D4PMia-8WqCYXnr7TM0Pw,4.5,17,3.0
gr6AoBJ5MEkZynXP_MHs1w,4,151,3.0
0TvxDhCKPQ-_dDyffEnJQQ,4.5,10,3.0
uhoYLkwLZdsNK2g1URD2VQ,3,4,3.0
nP_-BYWSPNEeVY7L2tSojw,3,21,3.0
yToNFO4NFBeiZDxJ53-3wg,4,3,3.0
aHQfnf5HjsAYgSa-I74SmQ,3,2,3.0
EIPq4cFSFixHwk2EozDFeg,3.5,2,2.5
ywWWIjVPA152u7n-CEjNSg,2.5,3,3.5
TqkBwRmoEgECElxeY0OgKA,5,5,3.5
9AIEt1NucPJWmH9l4G61nA,5,7,3.5
ri9pRoA3U09LnJCVxyf9KA,2,6,2.5
cmGR1HS9ms233roSllcglw,4,65,3.0
5Bx-z-7KxB0g6nOuO9gOwg,4,5,3.5
cRv7pLvIe3eI0efndQBcLg,3,4,3.5
9bqGhpj6NYVrdojYUnHMgA,3.5,9,3.0
9xGaLA59kjqNSh2s_Heonw,3,10,3.0
_ji6oh2RwfOOt0jMznT5wg,4,72,3.0
TGEFlGvl91fX93Fk8wnWRA,4.5,29,3.5
q19XuU23LSZsFyR2-3IC_w,3.5,16,3.0
Rjx8GcWuCzfVsKC5iPIcQA,3.5,7,2.5
E5a7jOdolVv-LAHnDAEpew,3.5,39,3.0
y5UC_QO9hbTWHohDYM2Fbw,3,8,3.0
klSGYQhO24piw0WQVIIMYw,4.5,5,3.0
dgK5LYQonYfKLtlY4NxgCA,3.5,35,3.0
497fzDpPrMlisVRmvY8cmA,4.5,5,3.5
tenee-X_e6cGAqceCIs4iA,2,3,2.5
3zgswf_NfBJpeAoWeTkgMA,4,48,3.0
GARb9Hk4Y0YTjBl70DniVA,2.5,54,2.5
yCyLqBX3aujcR0SeIuxSWw,3.5,32,3.0
uUj-mziX-qv0e1k0jkpI7g,3,67,3.0
5uIKz-cTRwPSngjTl8XUNg,4.5,5,3.0
aWN45B_Fs73ORvdZ5yvA0g,5,4,3.5
QemPjyORlLB98ON0uCst5w,4,24,3.5
yGH6lbDKsg1NWt74F41nUg,3,8,3.0
_GbMuSSfeZFeN08w2ONJ1g,4,7,3.5
ky28rk4PPr-d-PvTnmneIQ,2.5,3,2.5
vOpbwhGXsqGyntB1R8Jf-w,4.5,4,3.0
hElB5q25dCdtHnottJQsvA,3.5,8,3.0
9J6ORCp53ydDSw8nNCV2uQ,3,5,3.0
LMD-f6FMz8lF8QeSlie5kQ,4.5,87,3.0
KNK7tEEmL8twVUr0zNrGIw,5,29,3.5
BiVbNsG2c0I32powZF4ITQ,2.5,8,2.5
vPQPsC_NkQPKDs5ljbgB3A,4,17,3.0
51QKFqG0rg7RzA_GDsDNpg,5,3,4.5
ncJHHRHqsEKUl_5InoDBRA,4,7,3.0
maaIrKQPQIcxKLDIShP0dQ,3.5,39,3.0
5IbZ0LjSydLAfB9NOyYOIQ,3.5,53,3.0
jpYzy6egFpdGXQIUQXEVhQ,4.5,6,3.0
BdckEea0axlkaqGr4Bh7IA,4,1,3.0
M81DfL9-BLugRVnasW2Dgg,5,2,4.0
5F1pFxJVAqkDzukIHva5JQ,4.5,43,4.0
IX8FoKD6Gjha0pePoBrSqQ,3,8,2.5
2ChkhRUwGbneeCzaWCaJxg,4,20,3.0
YIAyQtJLzL3meiiq5cJC-w,5,4,4.0
jaT6pO-oUOuTBozfdB9NvA,3.5,10,3.0
SWzCFTM7KHc-MncD6xxOYQ,4.5,66,3.0
TaTc_Z0flqnjfmClYnHNdQ,1.5,24,2.5
3hFBk9lLFTC2HeRprtfusw,5,4,3.5
K0y3wahM5UcTMuWPVKYG2g,4.5,3,3.0
sdZPSNFm5dosRMICiYkjyg,4.5,4,3.0
Ez29ELM7obiqamn3It7FcQ,3,42,3.0
Tfysaq2SdZAc5_TyPpuyLA,3,68,3.0
mrBzgnG-pGg5gGJ3HuY0HQ,4,25,3.0
l-dc5DeNBiHYJA1XO4cFPA,4,13,3.0
5reb2cEaziuyHOpnbh1XtA,3.5,87,3.0
aQExh8vKqh6PJoUZAzDSpg,3,8,3.0
oTojBCc-Lex09Fww3QmWWg,3.5,2,3.0
LIqvpWPPnBqZYXPC6nro3A,4,6,3.0
n1Oze8Y-nU8qr2kREL37Bg,3.5,42,3.0
zOWxjA4feUfnFlBbOO65Ww,4,7,3.0
AvVMhXghvAE2_JGWXoC7IA,5,44,3.5
rPwuIBv_mz1O_yI5R-VJ7Q,4,149,3.0
anHtDfqJSRhFMgRiP9vJSQ,3,9,3.0
hCgy2boywZ0m9NfqV-zKlQ,3,15,3.0
2PfavOTufsPCRdYm-bFcpw,4.5,72,3.0
HPZKHUbet83Lz9X91ceARA,5,3,5.0
1o0zpZW-8TiA5qRtMzU9xw,5,6,4.5
HjrK4QKp9MZbeopSbc6Evw,3,44,3.0
EYjc27Vce4tX8IZzhWZUDw,3,13,3.0
uOwuJJhGaiAzuaDY7-o14g,3.5,12,3.0
89sSMLp-yLqdYqOEPXvkjg,4,3,3.0
q_BKmbdlYfQJroJVHfYMUQ,4,78,3.5
3wvt02K8Q4tZx0OImekCTg,3.5,42,3.0
8oI39XswCyOAqQaqnwZlnQ,3.5,31,3.0
FZMQgCGGYDEXcQhZslAHxw,3,126,3.0
pkb2OGuvEObkPa5ugR7l4g,4.5,30,3.0
JFBg0EvHlRdyWWhe9Agl0g,3.5,19,3.0
IqikZH9lalTFba-ShCCybw,5,4,4.5
bZcqORBnVApUA2-SEn7VEQ,2,6,3.5
t3k9_VFbJeozME_LEqJ8_w,5,10,4.0
gugvZm5P0XNkhIXkpEboFA,2.5,4,3.0
yTvw0EOoMeH-k2zDdDTy4g,4,8,3.0
scqwZPzH8qYXWmedtZa_7w,4,22,3.0
M2TzzDd9nHEoXvOLA-BuyQ,2.5,3,3.0
scqXIkUmjbKQQrRY3BN-WA,4,35,3.0
ozCDtYf_PFnUNBkNqG6DqA,4.5,18,3.0
GpNA9M1Th6kOUuIO43KfJw,3.5,5,2.5
zOEKMp69QWrXeyVH1Je9DA,2,3,2.5
Wn5bLgkx_S7W1q2TeoLL1g,4,4,3.5
EbYGsrovAJRNitvkmAix3g,4.5,59,3.0
w3Ad4ue8SMtbVi7hnIS2MQ,3,46,2.5
TDNiPnxtXA4i5W2kj5zeTg,4,8,3.5
3wrbU3hdn-CsmT8tj4WyQg,2.5,1,2.0
wRzG7Gx-pAM9nTnVVnF2Rg,3.5,42,3.0
drhpbx_wR08pvCUmyqPhkA,3,8,3.0
Xti2_Z_gRSxsehYmY2JNbA,3.5,3,3.0
bDK_jzy3Shx7jfn8_plNoA,4.5,18,3.5
UouY6jKpgbi8ENXI5FZu4Q,3,5,3.5
Lv01PSVexq5YKJwfgg-JGA,3.5,40,3.0
kel3Wb4pLYL0l2_QujLOWg,2,16,2.0
DLXsum58TwWhufJM1y06pw,3,3,2.5
Bkvi-6YPbeaEYS6sNSZZ0w,3,9,3.0
wvtxH9MMblbyab_f0-c4nQ,3,5,3.0
RQRFKOL3zz7X9FEmUQ6_wg,3.5,14,3.0
jZaHqpXJNey8QV_G0S3Fgw,2,26,3.0
yTWHLVgsvOFJ6kymn7yNog,4,4,4.0
fDWtyqNczs-HkjK2YZ36Eg,4.5,34,3.0
o1qRMk4RiYJoQdo-jrrmRQ,5,28,3.5
KE53TbG8htUOaQj-PdVIMA,4,5,3.5
6xEl2PDJulIp1PfWqa7-aA,3,27,3.0
dVf7896SPwE8jEenEhI6Pg,4,111,3.0
uCVlfxoph6iFgztZC72Mxw,3.5,3,3.5
BG4N0V93wml9kaU6YYRxRA,2,12,3.0
LnFTZPfZrlSKap6pqRmkjg,5,10,3.5
2SwC8wqpZC4B9iFVTgYT9A,4,239,3.0
OxRjcUVMvVHsMq_g3Z7ECQ,5,15,3.5
sj_kTCLN71yDKPSB30hOpA,4.5,13,3.0
2Ol5IT7nu5WBm0ldD-ERKA,4.5,18,3.0
_k_sQxAZSrFpN3U9BWv9HQ,4.5,4,3.0
2VNHbRpwZn2tg0zrckydXQ,3.5,3,3.0
AwaxCI7NMG3_nqCLqC4qWw,4.5,78,3.5
aSOLK1dMRn8_zMViHu-3yw,3.5,2,2.5
6e-K5VPERzoyLP5_1c69cw,4,6,3.5
PzG0XmAmtXFs6Fdnubf41g,4,138,3.0
PBeDNyqKXxqz9g1f2sOR_Q,4.5,36,3.5
3X2vdOhvoCuyrpEsPxfzzg,4,5,4.0
MmRqTcPD3dOf_yfpF4I_wA,3.5,16,3.0
vfUSLYwohcPEG98x_Z3qOQ,3.5,22,3.0
VgdL_8nOr7Ayz1qiN38K-w,4.5,5,3.0
x2ZMAyneUiBD6Sml0Fv2Xw,4,158,3.0
AAcw9y30cRuMo0oa8UBiIw,3.5,7,3.0
KEzIorUdFjqCuxbRxKPghA,4,8,3.0
72EpENhhSayWYsF3XqEJ3w,4,16,3.0
LVEHxJheleSXj1oKxALYbQ,5,7,2.5
pjys5uXh5h4S8hoQ-RI6gw,2,10,2.5
0W6RA-U17jd2J4A9s3QQVQ,5,2,4.0
CJZGDTGoqvWrENvjr46emQ,3,6,2.5
Cc4Tra8cd5KZ4Awhx27HdA,4.5,6,3.5
0FgwBx7pgmNdUtsd_T8UYQ,4,57,3.0
ovIUSeYR4kncxyv86D6QPA,4,22,3.5
30T84H-0b9-Ft0KqbpKmKQ,4,57,3.5
Y8mPD9YZwMRBZZAFqOTorw,4,24,3.0
sbTF0cLKZH6_BP8BLARVDg,2.5,26,3.0
Gs31I9A-IeW3bH4PRoD9Gg,4.5,11,4.0
DEH4worm2017xT3KHLoyAw,4,12,3.0
SnRM1Kx4r2e5jwUCgafyNA,4,10,3.0
6JOIiBIroaDLkUrj2hR6-g,4,13,4.0
bR0JGVxPKP5UhNpRwZhT0Q,3.5,6,3.5
1u_8Lk1_0UsTmjW6b12bpw,3.5,64,3.0
BU9oM4IZ-AN7i1dinYoi4Q,5,4,3.5
ek4oL7RAsh55jjj5mqUcQw,4.5,65,3.0
Fg4nSlxdFrEohuwgu7T92Q,5,10,4.5
osixLFHD7OKEUy2HSbN-7Q,4.5,72,3.5
P-nt4WK6ddWXexQ2wIh4qQ,4.5,3,3.0
yTB0larvOzVqKUugP-q4_Q,2.5,3,2.5
vXEFKN1Gc1BfW3d6ZhKnyw,3,6,3.0
Fx9NGStq3-YpG1zcHzJftA,3.5,12,3.0
XtQgLRofbvrivJyinGZtkQ,3.5,28,3.0
tWBxu4ncghb1EmSrMc4BVw,3,4,2.5
TIPebazlAGJsp8zAwhNkcw,4,42,3.0
rOKwozszy0I110Q2EwG_Ew,5,8,3.5
aqNwplp89UTe8dfGXj_yKA,4.5,12,3.0
8e3aSkQzTLON6Zny_Mya3A,3.5,2,3.0
GSiHJG8LqTn5ZQAY1r9q9w,1.5,8,2.5
F2s1N1IvcNHHHsWJHIwKCg,3.5,36,3.0
9B6gBVup7Ccy7I9OEMRzqg,1,2,1.5
2UUkXa45Vgk_TfCP6kmfSw,3.5,133,3.0
Y-BQBga8aiQPsrWVHEfNBQ,5,6,3.0
RqWF79LfzXl0PAN_hVCa2Q,3.5,3,3.0
yhzRoqJrDYku_48CFfi0ig,4,31,3.5
Hjefge6EdUepbVbvDnnmOw,4.5,14,3.0
Iwi3g8umXSw8LGb3xVrHdw,5,3,3.5
0qOcbknxi72ZcF-z4VOtDQ,4,10,3.0
QrsJPhDt3xum7cTFH32FJg,4.5,6,3.0
X_X5RHM5cJeO6n-84GMFHQ,3,6,3.0
HEZ8O_EvIBLHKgo93IkGTA,2.5,3,2.5
WiwOKFjI4XxorVGH9u4I1A,4,4,3.5
uYaWjiNjQKHpLK8wRlE7Xg,4,6,3.0
nDqJ0LZIho7UeMox6IvQpA,4.5,9,3.0
18922Xj4KzD0ChYRMmWldA,3.5,40,3.0
jK5zpGrLx9frZKFuGp5HTQ,4,19,3.0
Qa2nW-WGvu6P7eccNSj2Nw,3,3,3.5
imM-x_nAxVtYGVFJJ4FS3Q,3.5,5,3.5
Tb7hQ37UFA2QFaMwjFieQw,2.5,5,2.5
sXPWMe-tQVP-XEEXtm9C5w,4,49,3.0
NjAVQIZm0rfR0qHQu7W0PA,3,4,3.0
TxKmAsKQjND5vbhBdUSyIA,4,180,3.0
swlpxJkixbPEaRJQHjSi4g,4,2,3.0
s12Q-iFJNVs0dvC-g3UBhQ,5,4,3.5
BfvzYmIkVgceomExPsChqQ,4.5,7,3.5
RHu0laUdWj-_etXLhrjj0g,4,2,4.0
aRTQo0EQnLWo5Qg2io4Gbg,4.5,13,3.5
NS5m7kg9phWfjP27qmxgYA,2.5,55,3.0
83qWae4b6toQpuCLnfSCTQ,4,44,3.0
PQdMkFgdSyF-2jK8WhQu-g,3,25,3.0
2sNSF2ttXEQKV7gADC6-Pw,4,46,3.0
Dmn97tciklRgXmaAkN4WSw,3,5,3.0
6tAeov-P42R7k4p87O7D-Q,2,9,2.5
W25mXeVDTHBIXAidJrwHPg,4,5,3.5
teuJ6naUzJNqPJi4e4RaiA,4,28,3.0
OfczufZgEmnwJyL2YTE5Dw,3.5,24,3.5
yYyWwqPiLJO7eWRt0g_PBg,4,37,3.5
aPX8nQb_Y8L34yKrbfUJ4g,2,14,2.5
8Zoej25Y9-yEyuiL7-Ax7A,4.5,100,3.5
zFVaT1AGqZHZKuBi3NPnyA,3.5,5,3.0
IL5WR-5p2vDCyymvytj5Pw,4,32,3.0
_kYPWWaw4Mm_seTxdHR6aQ,5,3,3.0
PQnjGSHINZjFMiGI1nPmgg,3.5,4,3.0
rDgiBah58fc6AfVD58m2mw,3,7,3.5
VPx7AGK8_E-Faq9ygmlNqg,3,17,3.0
yXZbEJ6FQUwzFcDFgcU2qA,3.5,2,3.5
rellBaGc6G4mgcqSACGL5w,3,205,3.0
feQYxrwOTfUioQmiY_USew,3.5,70,3.0
P81VJGvr3WEsgQHY2z2CuA,3.5,9,3.0
l2gPB9mqiHSbpwSUa7zrjg,2,16,3.0
dq3vHsNbaB2V156y-zzSYg,3.5,29,3.0
tQpYnf3P3Q_OQLYYJvlV-A,3.5,19,3.0
ZIQHjb5jjkR_d7ZLK8DdJA,4.5,38,3.0
7ijQJV72aBrEoJCtTBCHxw,3.5,16,3.0
q_CxEcRcAR5LVU8ZzftVDQ,3.5,20,3.5
oJwy0ELke7wS6WsztypYwQ,3.5,318,3.0
Uz2hobHbytUFxk_bWVR5gA,3.5,3,3.5
S-oZVYg0g6ycRCJJYkiNtg,3,6,3.0
RAGQhpwS7zyDG08VQ-eXxA,1,3,2.5
TE9WsqEr-IsNvlEu6FEpqg,4.5,10,3.5
tFzH3De-SFiJMKAU6IKqzQ,5,11,4.0
CNUmBfQsHs25VnPUqvvM8Q,4.5,3,3.0
wvQC4HnaIpkIDs0mDrL0Pw,3,66,3.0
B2ORp5G1QxI0e0n1UiG0UQ,3,5,3.0
i4O6QQe_gEr4aDSY5f4imA,4.5,37,3.0
G3r1RF244SivWVj1C_Mwmw,2.5,5,2.0
Y5ZIx9cXxXxXfRxTBUOZ4A,3,9,3.0
wU-1r9JEJvctL6y7B9snHw,4.5,18,3.5
z0Kbsc8Gv9p-6FNcx9c0Aw,5,4,4.0
1IwQhGGOrVNGGQskR_3uLw,5,3,3.0
AwQwf4mbaJfE4F5Tk2KQRg,3.5,56,3.0
1Kuuu75LVwr5-1OQ3Zv71w,4,66,3.0
Q59ZOPi3T_O4l2vpt74a8Q,4.5,20,3.5
GdBt4l0XBGWmSo9PfORemA,3.5,23,3.0
XiGFE32CFmn7UaiIoJxS8w,4.5,4,3.0
JcP-IIrZkW_Yyv4a0yLRCw,3,10,3.0
gL2ibtCbiEyHVnFCvk5WIQ,5,12,4.5
ejFoNCTG4B374bc1sVcidQ,4.5,21,3.0
0ORPehdGZci1Z_BTKe_5VA,3,27,3.0
jrSGpWnVJy8jqgN6XSC7Nw,4,12,3.0
fvr6xpaFsma6FmHMueFY8Q,3,7,3.0
YXuvFMtygHPFEOEXgRtgLQ,2.5,4,3.0
WjLtEWGvPSIfwMZXUMHX8g,3,78,3.0
jiKaFCDtHScltwSqQTR1ww,3.5,3,3.0
VKtZk23K28Rp_9ku70zCrQ,4,3,2.5
N9ti9E8UnvnEde9QWVXoig,5,7,3.0
jCF0FVX7jB5VLXx3i8qzow,3.5,14,3.5
8Uwii38FoomPrXJhg6Hx5Q,3.5,20,3.0
XXWw6GEvzQH1Ly331ZVFtQ,4.5,4,3.0
HZ_0AH6BUAMV3NhBEiKxrA,4.5,4,3.5
cll90LXLWNpljIDQB8BeKA,3,12,3.0
CoeLG9kcKiJQL3TfuAjQUg,2.5,4,2.5
lMI8q6gJkQF6tMeL_j-Wfw,5,4,3.0
J4SEWnsJVvU9SWgkIvnldA,3.5,25,3.5
k8Vih-WEeO5Jmilhbm2xmg,3.5,177,3.0
RptBvx0-dGfSpQYzqj6b8Q,4,28,3.0
iK_uN2C83v0vjygym1LcbA,4,5,3.5
Dg6mddtLmjz580JVyyx9fg,4,31,3.5
3kl25XEmET3SM-6jIa9-MQ,4.5,2,3.0
WWbPM20A8agePy7-X_6AlA,3,72,3.0
MHt5qfGbk3-eteC7yS4K2Q,5,24,3.5
YbzUYOY_ZIYTWGNw8sbgHw,3,202,3.0
howeWJgjp0m25gY4gRSsYA,3,67,3.0
4uOVj07uHLJZ-oVH36MB4w,2.5,45,3.0
M3S-60mOy2cCIwRBSo3Qrw,4,2,3.5
Dra-diHsNo-c-LzOpIwY8g,3.5,125,3.0
0Lsd35rHY6UtPFHjjxJ1LA,2.5,4,3.0
_sKjDjYulL0Wf_AAqz8QaQ,3.5,10,3.5
T6Y4UArFtF8HPg_RNnZ7HA,3,5,3.0
YUZVBdGmagwXV-yOhR-1GQ,3,12,3.0
B1DExytz6yB4PkAqqXxLuA,4,16,3.0
C-OfvOYJxTJGevQrwGVqFg,3.5,3,3.5
xdbAfuSqgqnuoPvLzKjzww,1,3,1.5
J439P_mDAosvQb59liLkLA,4,36,3.5
mGNJlqLu2wQRyKnh7yEViw,2,9,2.5
UNz6tkjiZn1RCq5oEa19gw,4.5,7,4.0
EEuGTah-oEssSl3o6pK-ZQ,4.5,44,3.0
bbfdJ1dkwWNww1m_SfyDnQ,4.5,22,3.0
RC0j-hO6kaYO067845BSzg,2.5,20,3.0
d6odLgrAgupvZg1s8J4lNA,4.5,71,3.0
Se7PDo-I5jBs5fU1LVmk_g,5,8,4.0
0ayh3LxJwSbJEOlBCx9APA,3.5,237,3.0
xJwGda6XNhk-B-aE8H6xsQ,4.5,11,3.0
rgmptwPbBH1wLpiBHcbIhA,3.5,221,3.0
IioXbak-RBW3oleEJeOw3g,5,3,3.5
ORyqWl-cCw1NgfMr4NHPxw,4.5,21,3.5
pfS0Bd-sXZyMNr73kJPeaw,4,3,3.0
1_HITbR0p1FfH0ga-q9uPA,3.5,2,3.0
yvVT7nxPT1lHRqvxvKMiRw,4,7,3.5
5Hd4vp5bKPq-W8zPwabYhw,3.5,3,3.5
_y7PECWjxr_E-hhmDVdEjw,4.5,6,3.0
TJS9ow91yySX4Gt35hQc1w,5,3,3.5
vsZPOpeQaMt8bamrdkW8jA,3,4,3.0
6HbtmrkFXHU6mf4I1sduXA,3.5,5,3.0
90Fqfzd8zD9AuuNBSv9lAg,4,60,3.0
UK51LgJRJ8_LUQQPZ5zfxw,3.5,120,3.0
cf7owaXL9W5fOWL1qS5nbw,4.5,3,2.5
ebkqKvSjKobyVbPvL_m7qA,3.5,3,3.0
acvpqVAsH8steBaqjCCBaQ,5,5,3.5
Utw-lvWCFJkmRxIEDhPlhQ,2.5,3,2.5
NhA_Fg-0ywtg8ut2RjUo0w,2.5,5,3.0
tmRGdqWLCoVb-wPx_RxPmg,1,19,2.5
JnZOjrlGpovl1OqnTYL6Bg,4.5,8,3.5
Ey90p6u6mellqv7OD8i1Yw,4,3,3.0
yfuoL_w76WFVHcGJbw0IIg,3.5,8,3.0
pbR9xLtJib3yoSRRke4POw,3.5,12,3.0
gCiKiqPGAC_ZVt5bBcwnrw,4.5,44,3.5
kL654J-hE2S4ShF6atfYrQ,4.5,3,2.5
DPB4hpqCd49yC8BwmsOAqA,4,23,3.0
mPw8FqtHwIxSuTkqiLBxQQ,1,3,2.5
WX3qnzlSas7kYZ5-uI30Bw,3.5,23,3.0
3NEDZLJIfB2LAgz6hkBxOg,4.5,13,3.0
SRNqG0vzbilInsmG3gkkUA,5,3,3.0
SaBrf12G3EVpBeK6Z6btsQ,4,2,3.0
l-OmDgEd4QkZpyXVpkp2yA,3.5,27,3.0
XvyKrYbc0dvih-P8dATEMA,3.5,4,3.0
8zdeaK3PWDsr5Kq4UOuNSw,4,385,3.0
9poFd_TU50RiJoLWltvlvA,3.5,2,3.0
xvGD0kqem6jJnbMs8_W4Uw,4.5,76,3.0
vMCCvnDU-Iz_D_pmbcMqzA,2.5,7,3.0
sh-VN4LKQ1IuJCe-_FJhuA,4.5,10,3.0
ADEAmLIP2Px02oErSef5KQ,2,3,2.5
nPw3ATZ6A5MA4wE9kQ15Kg,2.5,136,3.0
8WSrs-33D4ASJy4aQUnvyA,5,3,4.5
pmikYgE5m0MblL6vl49GQA,4.5,8,4.0
4WiL3UaXCxj4lbWwsckisg,3.5,17,3.5
wgSCc7Ut2C4OkmvoeSLIrQ,3.5,68,3.0
U-S3mxeoRPMnyOjq9nEv4w,5,12,3.0
Z7HNl4Gz00cA0_wt0S-vSw,4.5,18,3.0
n3NNzOtqIMmd5R19lubgiA,3.5,18,3.0
kDyhBd3-GolDT9QH-pybSg,3.5,2,3.0
mbKM8aLB3H7BCEGbQspPFw,5,3,3.5
4n_KDjH3dQCIxHZ3SWVO6g,4.5,24,3.0
Mh3S5inZRkC4145aqWHKAA,4,5,3.0
kKmvSJ6Z8UVPdrnL74bqrg,3.5,20,3.0
gP_TyG7MEEayXI2U8eVyPA,3.5,45,3.0
OxIeMVcop5oxBUWANi-1Rw,3.5,164,3.0
fnAU_q5JWWuPzMvwtQh3Tg,2,4,3.0
8lTyozmJa3DhTVV8srdXIw,5,10,3.5
EnlnNZx1DlO_pTwf1NU4wg,4.5,48,3.0
QaUoEBGpvlswnE2-XkUyxA,3,24,3.0
BCz6yqIyPu5YkCH8sfkx3Q,3.5,8,3.0
u5SJCdrLDynVr6zfSZSp0w,5,27,3.5
IsRmA4DqEE_xjw8y6KuObA,2.5,4,3.0
N0jk2wwq2IEHiI1zgd5REg,5,3,3.5
_WaHLgLzALd2iThQAhC-sQ,4,169,3.0
raSItW2WYBeZyI_TT97A8g,4.5,2,3.5
QUQnWkPauoh6z42X5JQPUw,2.5,22,3.0
-2pv5J-_HN1Tu8adfRxFlg,2.5,3,3.5
JYJlazjIBR3L_0-eyw1nRw,5,4,4.5
titJ-ofqKMG9d0i9_kkX6A,5,7,3.5
5Tc2MYU5YO35JYW6fh1eaA,4.5,2,3.0
p4R_85lf1om4ndYJLVgc_g,3.5,8,3.0
UrS9awRtye1YFlW5V1bWzw,4,80,3.0
lX2b6CAQph78Z3jzNWHJAA,3.5,6,3.0
k9nv3riDitrZO56UQaBgJA,4,9,3.0
3QEMZbvUWXHqag5Ao94Nhg,4,4,4.5
Z94doPdgyDOgjtYUVRBNjQ,4,153,3.0
hiCIjGJfb3B4_YCAYqwduA,4.5,4,3.5
UrQzDR-nEo5B-EGkSZuE9Q,2.5,18,3.0
j7kgLc4Uys_sb-H7_Velcg,2.5,11,3.0
ovIBsFKQP7-OdWa8Sb7gGA,3.5,26,3.0
XHTsgW1ViMHMyIVcuQ7B4A,2.5,4,3.0
rm3Qa9_nBpU80B0nEpjB6g,3,3,3.0
ysahIoCwI3_ztnBiYqll2g,4,9,3.0
uxWyJozmg36_EddkdceiSw,4,48,3.0
MeZFfo0MhmZdnK7tXI9oPg,3,40,3.0
u2EPc1YvmuYSbzIEByBGAQ,2,2,3.0
2i5ttyWIY-VPfp4dgWb5Cw,3.5,10,3.0
UawG_p7CC3p7HhE7pzNIyQ,2.5,7,3.0
MXlBxRhuQeZ2hkGTsdplOg,4,112,3.0
1E53rS8afK2jiLod8Jwy7A,2.5,19,2.5
mgxDoBrn2Yhy6x_4naFS8g,3,3,2.0
YiGCPuFsQ7RsW9tOeNZ5Qw,3.5,121,3.0
W-YDwC0FXqu30vnnLyoHuQ,4.5,27,3.0
NeUf9FyCCIN4MEseNyqkXQ,3.5,387,3.0
GYyf9Fprhvsu4aA34YSCsQ,3.5,50,3.0
_jsJFrAmFVPRio0eEVExbA,2,5,2.5
JV9897xZJihpMymVQWwQlg,4.5,2,3.0
DkC0MH4dcseSksIyOmBsRQ,1,1,2.0
RjavzMXChoFWdsIZnfs5YQ,4,279,3.0
lgRLyicXByG1-W0QdsTopw,4,147,3.5
NYwMTKUPCojSbzAucMCc1Q,4,52,3.0
C2Q4Eogai7W4grmvXZFmBw,2,4,2.5
VkqKyq09rDYMhFk5nElWWA,3,5,3.0
wiE3gpPOMJO-ujhmAUb73A,3.5,33,3.0
H9R8b2pgn3NQhQHesEUEiQ,3.5,2,3.0
H5Qmurgkw8p7JGmZ8rxqoQ,4.5,1,3.0
p_wNn2SZ8iFtpVbetmUA_w,4,90,3.0
Kro5LncwNKtp3ozb8DVvng,4,13,3.0
ih6d7hBWss05xXWUznuFaw,4,80,3.0
d7M30BsQj_oT2howDyo0ew,4,8,3.0
cJgUGE4iukuXB6QlYmHwmA,3.5,2,3.0
j5p71U3yDWHpMv54gWzm5Q,3,5,2.5
YvdYaIfLMQYg3ZieUOfg3w,5,3,4.5
NokbsnddUVEAS0IiVjHgSA,4,7,3.5
FbSfo_4DUCPiOpRTzlssJA,4.5,85,3.0
b7XXKWkkNd7iaW8eBUAKYQ,4.5,9,3.0
NR3Pugg0YRa8AqxOY83URg,3.5,6,3.0
S88vSgrJukNYqFrdhUz7Ig,3.5,34,3.0
cF0FbO-Jzcc9-jJa6qcwPA,4.5,5,3.0
uvdS1a6h0wS0R9gryFX4oQ,3,99,3.0
9wMsmAYYFdS4LssbroDxkA,4.5,3,3.5
ZGeGk2M2plNH8JjHNoubgg,3,13,2.5
xdfs6XsmCoAwHD7vEOT5Ww,3.5,17,3.0
8PEiblwSXR-u3qnPNPEdIA,4.5,9,3.0
PR6DQ-ZJPOpPv2neGN1BGQ,5,4,4.5
FP3J0HwaoM516bLeEsGWrg,3.5,6,3.5
H18C9tH4BPHkxan96bkMXQ,3.5,130,3.0
n1n3o-hv5JsBkvZRtJPZKA,3,61,3.0
hIA5NB8hGOoe3hUUHqg5xA,3.5,6,3.0
MLG1FYzgAnXOvM5CsOtDXQ,5,9,3.0
vXBc-i30S0eypUVy7TA6cw,2,4,3.0
GN7wOQJUsx8C6S3s_34f0A,5,5,3.0
buVALudg30kgkDusqB3yJw,4.5,85,3.0
oxmInXzRiwDVq21pnY8VnQ,3.5,19,3.5
ZL6DNzyenFm9Kpz6uADlNg,3,58,3.0
MLwZB6mXpzfFyENYLAnG0A,4,3,3.5
ZLO5b4ZOJsBNHF0Bp1iXZQ,2.5,2,2.5
d3ni6cKglu4L3JeveOqQDQ,3.5,209,3.0
XK2gcBf8g1YvVppPvg3CKA,4.5,4,3.0
4oJvRnEDjpJmOAQXOT1iaA,4.5,3,3.0
EU-V1LuPB3hoJCgk3FMg9w,2.5,2,2.5
4NhJV3Hw3OoTKbnjmIQ9UA,4.5,5,3.5
x_-Ce-SCC4FcGrDPa59ATQ,4.5,8,3.0
YKQ09HGeV3_oiKp8NK7Zqg,3.5,3,3.0
gZEUfwSZDuVtLDWl96kiFA,3,4,3.0
4jdlI2bHLZilcH1iRO0WRg,4.5,4,3.0
Uiz1Xq1I6jdnDLtzIIF9hQ,4.5,313,3.0
Jo2Oodau9nuha0hLdc_zAA,4,97,3.0
Px-EjhtV9XJcEs1ty4giAg,5,4,3.5
SJ_ZcSb_ci1Fyocxedw3Bw,4,5,3.0
woJbuuWU7zyXA63YV3p0gg,3.5,105,3.0
DiPbxquQQHSgz123I27Drg,3.5,16,3.0
FnaWgExFsjWeekotG-_66g,2,5,2.5
Fq6jYkjxDuOzy3I_eLswlg,4,18,3.0
5UxCrCoS02vFlSKH0pZ-fg,5,4,3.0
LCybuUjDVdYQAdfeM6dISw,2.5,4,3.0
ARaVjaEsdxv02zyTxL5shw,3.5,35,3.0
U12GISjtUQ7j9KMJ0nfnDQ,2.5,15,3.0
Aii-cjUiQiBCkukhfnJJmA,4,20,3.0
7VDwNJE2_5d8ifONCfpdHw,4.5,24,3.0
YgPWKeEOgAy4IyEMRxrwdQ,5,8,3.5
o6EK8ULSL5j7mXg5XnmVtg,3,5,3.0
7xNe2WZAQUGMp1_CxGVKnQ,3,118,3.0
9dQe2KwoHKJvZDHUXlnU0Q,3,3,3.0
l_XX0Oij03f6R3j3uyaW1g,3,3,3.0
EdWTjTwvr-27sYbh-zJVAQ,5,3,4.0
rUQfZOengMpXFkLvJrNJ3g,4.5,22,3.5
VLXFrRkD7g2eLjloFQcKfg,4,119,3.0
35CKLsZKk1KkyOzUn_cUXg,3,4,3.0
6mRBnYezWvuf5cfkmcLAiA,4,27,3.0
36a2h_kADYEoBOr3rtaj1Q,4,2,3.0
1DBHAuTvuSCFykcPa8xFVA,5,3,4.5
rnCT0Ex-bteCbWKYJhxlJw,4,37,3.0
9dRhseYpES0LO0iNDLHtrg,2.5,3,3.0
tygo8BbCFwGFxIitgTp_zQ,4,58,3.0
Y7shShDzx9R4GowQw_vVrw,1.5,3,3.0
6bZviOZehIwKA2ybRMXjAQ,3.5,2,3.0
ElMwvCMCPQk4jFo2YPDZdA,3.5,2,3.0
5GS5sBSscgcex0IFTDL9Bg,4.5,56,3.0
yZiDtpCarfI2f1qbZYQiJA,3,5,2.5
UXlGymo9AduQcq-Q-H16og,4,315,3.0
Kb_IKB2BclV0EHkeKMvyLQ,3.5,3,2.5
jimnHLgr6mrWV2kK2PaRhg,4,21,3.0
5fKlnC-tWnQZii2OuO0TYQ,5,4,4.0
TASUnYvk_nvTUyKtroCJSA,4.5,41,3.0
6LbeU_OT1E5MP022PhExvQ,4.5,7,3.0
aACX0qwz9gCm3ieEaQhyXg,2.5,78,3.0
kNcYD3Bpjy1DI7b0gRqpTA,3,49,3.0
IxQ1ATP_Wg_QujO9nywzcQ,4,128,3.0
S0C-7Exxkd_lupkjSwpFaw,4,49,3.0
HlZkklWH0SygopMt_48IIQ,4,51,3.5
Qqe1TgaFJEyhqqwfkjq2EQ,2,7,2.5
RFdY6xjXh8gaQu2MxRgYkQ,5,12,3.0
XwqT3Mq9K0yUDP7qLeVJfA,4.5,3,2.5
s8IAYfiw3fEasQc9aW-Ydw,4,9,3.5
OhjPgyBZudumBTF52HKMGg,3.5,22,3.0
2KiXw5gtGJfDK1jw9jJ5wA,4.5,61,3.0
8X3kmaFaaZ17hXu4za3-hQ,2.5,13,2.5
dBrAs-XRIT9Sp3OleVEuQg,3,6,3.0
AtJzxpkKh3VMTqmkHhy0Lw,3.5,105,3.0
PawMgtaRxny_rtX1m_nQtw,3,16,2.5
KdDHF8nFUVvR2pBN5ruGFg,2.5,23,3.0
bWWrrsPWuoHuAGUCgH8Tyg,3.5,82,3.0
TBvAoLn5Js8z8M9eMtPHBw,2,6,3.0
jNHhvIk1oAfkFgEqmu-nJQ,4.5,3,3.0
MTkMEChzh9AS3iI8sTm9TQ,3.5,4,3.0
NH__LjpMPLOoWBVMYAJ9Iw,3.5,3,3.0
Sfg-nFqLLS5T_hRCVSm4HA,4.5,45,3.0
jKAebUUVH6ga2O8VJk9nrg,4,3,3.0
CVK9ciUclX3rlMl3X9M_Hw,4.5,6,3.5
bBXvquZvRnxfYqkHsYpTtQ,4.5,44,3.5
Ga0y-XHa4os_VvoHz21bfQ,3.5,7,3.0
Sqks43T-hvkHhBfbe5xgjg,4,72,3.0
VZUbvO-m-ceuoMPRM3-NrQ,4,79,3.0
A3EEauNaKb-keqignlBZkA,4,3,3.0
4tMGXYHN_0o0B6mnuYHhmg,2,2,3.0
Mxb9V0M275IWpR3mZ5jV2w,4.5,17,3.5
MX0sF2mvfAjQ3MigOZGTOg,2.5,6,3.5
BNvn_hpdKiNZ6ypBoLNRvg,5,6,3.5
fd8Pa584WDbhuw5oqGkOcg,3.5,36,3.0
J011r7mUV1QhgLJ7GkrtMw,4,34,3.0
_zXlFTRlfMmYcRPvy6HF1Q,5,8,3.5
Q8mVmr8sazDCp-c0gRB0NA,2.5,9,3.0
Zww-ckcRf0fvu_yKGFZvPw,3,48,3.0
XY3aIm-0PZMXXkVKECD7uw,4.5,175,3.0
0WZ4-uFX5olbCYGSOO6C6Q,2.5,8,3.0
Ya0oNqP8mzPU5HwMdgf5zQ,3.5,95,3.0
1n0n_-Iz0e3iVpH8sereiA,2.5,36,3.0
ZBG0wAGUl2Kqj3UbqiXo2A,4,20,3.5
NdUpa6d8zmfgEe7EKxIouw,4.5,48,3.5
cUh-c1PgFFzjAc9HdlABCw,4.5,10,3.5
kzYe-kI6mHvkYlBi-5Jigg,2.5,21,2.5
tJjC4MA0H_nWZUBpvgtLxw,3.5,19,3.0
CJjyZDvdB20MZXY6YgctAg,3.5,45,3.0
YOvCez-P5HPTJ407l1JC2Q,4,10,3.5
U3AUN4Azkm76qsEaWqOCEw,4,132,3.0
kOY6CQ4VijKg8PnCUsTXgg,5,104,3.5
vxBQAydqOAhvBCzNP7ACKQ,2,4,2.0
tmzBujzWDiOCqAYnvAyaBA,5,8,4.5
FNzej_nQlemt2jcfU1dq0Q,3.5,11,3.0
53qWOpcsaMw4ZQAJi5OIbw,4,41,3.5
gVL0W9PqidrLTaESQ1xIvQ,2.5,11,2.5
T67Sp60-oA2x15reB7EqiA,4.5,45,3.5
ryqYlw3F5MPIHXJylSjD0A,3.5,57,3.0
vpfmGXwKoi-YHEGf6qzv6Q,5,3,4.5
T50eTHtbkYMXeFDmVZyKEw,4,18,3.5
rVn047LHt3nVVIJhb8_7kA,4.5,10,3.5
ruA8DUnrsRJ9H0hWhwQAqw,3,61,3.0
7hugevd0swogs5Shrh0o2g,4.5,26,3.0
iovp_cgGX8IT1-ZBUJ8z-g,4.5,20,3.5
I9IDCNPrOvJYavtsH936cA,3.5,5,3.0
R8AgqxryV5iLk45lvIPozQ,3.5,19,3.0
A38wziZJdYoijhC5S6uWCQ,4,91,3.0
VBKq2FdjY6Fx5w-o-5gEMA,5,8,3.0
NL1zxchs_XJPTdCQ-jqPDw,4.5,21,3.5
i00pTXKP6-buv7G6LcRZgQ,3.5,5,3.0
coo6eAhevrKNC1azLAfGaw,4,123,3.0
cTauT-DutG_MRB1YRzEREA,2.5,4,3.0
fT6jJp8rLQQ2EZZTz4tjVQ,3,17,3.0
VoXuQxqlZt3UTwIWjOtbHg,4,4,3.5
hryVOl_txhl9n14d224Ssw,3.5,38,3.0
wZ4MkX8tboQBtXmoPOmRew,2.5,11,3.0
jeS38QWMVkA6S-4lMi1Frg,3,29,3.0
Tn5Rbb_zehQL44WpytV_rg,4.5,140,3.0
evHsFv7BbO-FrAtb7aN8JA,4.5,7,4.0
Tosy5MgTLWW9FP_HCaiKPw,2,5,2.5
9Cx8HT4LLis_2OvcFZpEmw,4.5,17,3.0
Xk8Nd2X5nf13DunyEg-MGQ,4,127,3.0
bockWFDA3mzjuujY7tOcaw,3,11,2.5
q95WN1MTI-PFM_NVEfHhyA,3,69,3.0
9jkxYkOOLge89D3KHrrNsw,4.5,2,2.5
Qw5P7swnybgumr57bqX4xg,2.5,4,3.0
Pw-3oiOq1uaFJkkZXQsUYA,4,4,3.0
FooH0D8lISF1eZiEPjtfMQ,4,14,3.0
UYMGp9dk8ljgvum5xOSz0g,2.5,10,3.0
4eRlRYQ4iBedD7Ymiuah7Q,2.5,71,3.0
Q9BXMPu2HnRDMq9X_2rHrQ,3,62,3.0
hxSNB2FA9jc2LHGWA2n4LA,4,25,3.0
sm1cW8PibBLLHyO0e-Mckw,4,19,3.0
Dst9oQQYrk5cj-DBbEpYxg,4,14,3.0
8HhS0fv2voRtVd3r-Uu5ZA,3,3,2.5
2f99eqxFG2osiQVCdiCS_g,5,8,3.0
vvPzcOhbQn5fLQUAIxcP6A,4,314,3.0
LW65ExGoIf0PKYfuTATN2A,3,2,3.0
9u4SqxRrVxE_yfzK6LBJkw,3,28,3.0
mbHCyJ4l8Ddg4jJLy5c5sQ,4.5,7,3.0
aj4XHn7jZ48euP4g8ape-Q,3.5,5,3.0
Wqc5ewNJpjBTJIWZiy11ow,4,5,4.0
Eq-w1GBZLdEbrtNDwVncYA,4,112,3.0
ljKPmpxxTJSEArW2T-ikFA,4,8,3.0
5japW20yvS1tomuvliRbcA,3,75,3.0
6BkbwY0j33py_XmzvmnfXw,4.5,43,3.0
uczYKIPMxqkGLIBynp7Kwg,3,3,3.0
J7I85lTCEGr9-qp6AXPUjQ,4,49,3.0
OIrKSV2jHSYGmS0FqAW5nw,5,10,4.5
SIFryPN-tz4ogcT3iR1gBA,4,5,3.5
2gHFYehV_dZDBq7v7Fu7Sg,5,7,3.5
DhQhHH6sFHTfVxdLE10T3A,3,10,3.0
CxAupi9tjzTaGG5Fasu9Eg,5,3,3.5
HV5lVhWTWb1cK-jLpq2QhA,4,4,3.0
W6KnegzcF2qx3YFu7n_O-g,4.5,15,3.0
kqmOzL836sk2GK9eObwi4A,4,12,3.0
w7VSMULJ9GtRi3CBRxoJtg,4,123,3.0
bET5TzrC4mpYTg398BmH2g,2.5,18,3.0
Vkzr2JJdswDDW3U2n2xMZw,3.5,12,3.0
hUV4bjXE8Ijd-pDNr8S6mA,4.5,6,3.0
2t95Yic-ll4hdjTA6_Qy_g,3,36,2.5
ke0V-QdST4-CmZ035BvQTw,3,23,2.5
S1rXDshagzSCxGQlknYXDw,5,7,3.5
IAZvt5mkzX_W-VUPzSvfuA,5,3,3.0
dJ4EJXmLirIoZ0gUnowoFg,5,5,3.0
oCURIPcfHUZrIeZ5FvDoJA,3.5,8,2.5
wlS-0nxpHQaFqv_iZ01fvw,3.5,116,3.0
AJL0RCaSSA1NBay-XJ1pJw,4,27,3.0
ahmLb4mLZ-pEiQZVdBqKdw,1.5,6,2.5
k1A8pNspBPinGDivxkuDSA,3.5,8,3.0
dvjl6OUHD0djaW-PkWwLig,4.5,15,3.5
3dI-wF9TFDwK_vQqqlUPJw,2.5,2,3.0
bkZ58n2MoXqKUWgYtSBnNA,3.5,5,2.5
0NcAGBrIXSde76VNgtSj6g,4,9,3.0
wTdSQoVHBA1HHOBLa_t8Pg,2.5,12,3.0
Kvtc2vxOmVbBT1Uti1k31Q,3.5,8,3.5
WV2OClFHiG0_obPY559cKA,1.5,2,2.5
fhI1RxOkxjSV06jTSmIv0w,2.5,3,2.5
Cko88SO9YEsg8jZEXke81w,3,25,3.0
Jil8TD-tiLNaVqnnTukWlQ,4,4,3.5
7XX-2YyRTLVvki-qsM3sVQ,5,3,3.0
JuaQPvvWdbJ1B1Tn0jIt1w,3.5,133,3.0
3ob9ayBETS6z3cn6Hugz7g,3.5,41,3.0
pKtQpYA8kw-gKJzfPruEHw,3,4,3.0
ZqT9SzwYNYyHC-wr3JMlJw,4.5,9,3.0
_iZjif9s-jF_Oju_1fhVog,4,14,3.5
b-vMyaBlXTmrdeBTxCESIA,4.5,38,3.5
2Igiyhi82R8_QaaPplRmCw,4.5,213,3.0
PoZvN_XDj8Z40Y2TZrDfHw,3,36,3.0
dFcXRVT699YJTtWwnVMSWQ,5,5,4.0
Ilq3WhAZbOxVjHD2XZtgPg,2.5,3,3.5
OnOXwuhkpBU4P024jd9Kcg,4.5,3,3.5
QnI-qHGQGgx61zcPyImhsQ,4.5,23,3.0
sJ0IiEvM--BRApoyAQ51cw,4.5,52,3.0
9lWgWAARYLsSL-g4kpn_gQ,3,41,2.5
APUSI7GJ471onxJnDVlCSQ,4.5,6,3.0
Tj7wKXHZK_QGIaeerJgUHQ,5,10,3.0
BBfTiaMxtNOSa_sthMy9Pg,3.5,17,3.0
Verns0y0NTYj96SyvKgnhA,1.5,5,2.5
pFpcdzPcPz1OtTSlC_eUcA,5,20,3.5
dnN_tOhXC10km8Vuv1Ac0A,2.5,10,3.0
BqsS2Y_-E2lUWS-f2jYadw,5,3,4.5
gHBf6Ve-jxMBZQE3Z1mviQ,4,69,3.0
iohzAkFe7wrcpRNagpAmbQ,4,39,3.0
oH-N5ONrsWK8jWuq8p653w,2.5,12,2.5
otc6dTixHIDPHnZRgVIUzA,3.5,22,3.0
7e0HR7cnw9_57dNAVHW3pA,5,5,3.5
sP26yf4-2TfteYYQuvMbJQ,5,6,4.0
tNGGIe6YTSkoHFHof32HdQ,3.5,17,3.0
mDXOGmlJlUe-AY6TmInUDA,3.5,13,3.0
RDO5szapYFW5CSjmT4xWpQ,5,6,4.0
rfy_bJ5ad-gfVmMeqKtsyw,3.5,308,3.0
CovCgffklC_E0b2QHZ-gWw,4,14,3.5
m_kVf_mvLKSfy2fmYJH7dA,4,6,3.0
doQQQzQis8Me3jGeAhfd5w,4,5,3.0
voThoicr5Zdq7SHFVwFveg,4.5,14,3.0
QHI_sBKISzQsDMp2cXBXjQ,3.5,15,3.0
Pe4y8C6kqmeShXCp74N8qg,2,14,2.5
6jBxUWn4HYN6w5-ZTadmFA,3,55,3.0
n1dklY6GFnpVLKwQE6kxGw,3.5,10,3.0
RiI-mJXjbP2RZUMQgh_yvw,3.5,80,3.0
pKwsonGrAZPR7xsB5XZjKA,2.5,4,3.0
6fpd8iXiUypI7eVx-hJhMA,4,12,3.0
0sGhloiZf62hF_OTaahS1A,4,10,3.0
nK8kRhoMDY_2HtKINuSfVQ,4.5,8,3.0
nztzwmQUoE8nXSIqzfzGDA,3.5,69,3.0
OC_Aoa0JLGTIB9viy5QUyQ,4.5,3,3.0
MhaKciR8wTCSJodsHKPRFw,4.5,49,3.0
c3GRR8q1h4fdNV7APLzSeQ,4.5,37,3.0
eePVE_rrdbDCUgo6R9JK_g,3.5,12,3.0
1832nYQjzdvwzQNlXkU39w,2,4,1.5
V1MrrhkHkKFQc2dhl8hi6w,4.5,8,3.0
oYzxISMvvvDuphYHIZKZvw,4,70,3.0
1up3nbbWu9cenLZ04ouTHA,4.5,4,3.5
4_ui2UwZ3n9SLTFIAL68Ew,4.5,4,4.0
S46J8QhULm3olSZdfrpNRg,4,14,3.0
1ROn1nUafuPbp3sx6FX7JQ,3.5,5,2.5
EY8LbImik11lOMQYHRaT3g,4.5,3,3.0
gbceq4Rrg102sNjTX8PBvA,4.5,9,3.5
a2rZNOWutYXFLsz74M1Fng,4.5,3,3.5
74M-Z77aaj0da0KpwhjSyw,4,8,3.0
xgSPC01GJlxgj_PILhaCjQ,4.5,5,3.0
bMWQx26vgHuwVHsMD2qJFw,4.5,3,2.5
W0YoIQCjKGcEuAxjl2u8Ng,4.5,18,3.0
UpuiQqDDWBIiAVzjNl6zVw,4.5,21,3.5
s49iLAI_RF_Aq8ok6Px3xQ,3.5,3,3.0
ka8jpDoaKjCBSpBP8OvERA,3.5,39,3.0
Cbjk9o7sey49xnv_geotww,4,40,3.5
gu9qDUz44-8H1vdq_MQymQ,4,84,3.0
imzKM9-mgN1Yk_RIXx3IgA,4,18,3.0
FFaj1zup_tz_XddqzMwJ1A,2.5,7,2.5
PtJT3euepANTxFpwGNo8eA,1.5,12,2.0
NFO5GY2UYZ-OKXroJLDkKA,2,11,2.5
VJG4T5gCHqav9Y96upKgUw,5,10,4.0
IMvzeKSURgwCpiOk-Ih25Q,3.5,5,3.0
rcCGdKxMPJk4lCzZZ1i_bA,4.5,582,3.5
H_ASfnETjUCWF0HTyNURIg,5,7,3.0
YhBJajLay4nmbOqGsn_6aA,3,6,3.0
aXR5-C3zCnXGYhDC3pFuiQ,3.5,8,2.5
biOzSL4HVrEaSyU5ZS-IrA,4.5,2,3.0
o_wRqOpli9kyZGXlJtLLdA,4,41,3.5
BUoztzOFjCc3Ocn75OmH9w,4.5,3,3.5
poMD_c9x8rKnKPKVL5QdLg,4.5,48,3.0
NjWAVjMxUwOqnpOOQL71QA,4.5,231,3.0
XZK4N683_sPkQ2MYyafD3Q,4,104,3.0
cUVoyuhqv3ArYwwG_YcY1w,3.5,7,3.0
oUSaIQjEbGumE9VjHYtaFg,3,9,3.0
yh-poSAxa7x0_ET20A9lxQ,3.5,10,3.5
RljUwokjkdShFzL5MhcOeg,3.5,30,3.0
JKyWiuPDVJS4hUx-EPAXAA,4,129,3.0
VmYWzpY2fCrIav5SbfCL1A,4,37,3.5
IwS-csQKkWt3lYr25Mx2uA,4,23,3.5
XuzYe8s4KZDUxrQxnRkT8g,4.5,7,3.5
sr8aZbdA6XMS5QorEQfc1g,3.5,25,3.0
lVB0HB2PxC9OTtMcz0wagA,4,52,3.0
Vk6RdQf4fOeaNx1uUVmELg,4,9,3.0
uQJxkV5v60fNkrOj0J2sTw,4.5,3,3.0
bBJB1gGvKNjuNN0ibqyWlg,4,7,3.0
nTPnejWVdbNkXRaPCJVDAQ,4,27,3.5
J-zJvrEVKiBl8h2JAp6kLg,5,19,4.0
59JAguBIKS95_ohKXZtBfw,4.5,4,3.5
CnKQgNyBmIvTE7zfegmV7Q,3.5,81,3.0
4QRE0H67c1r0j-XxYtllxQ,2,10,2.0
miuDBWI4ZWiv4AKmP-vZxg,4.5,7,3.5
KT8KJ4zt-IPqpLzACdpEZg,1.5,7,2.5
mhcl6QJJ_aNONgnAmfwfoQ,3.5,5,3.0
PHs72DjjpVStO2HzWfM5jQ,5,3,4.5
GqNYSvvay5sGR633YofuxQ,2.5,3,3.0
veEXx-cyi6TPRy7seyt2NA,2,3,2.5
UdGMFTF89PVjHFl3_BAG9w,3.5,35,3.5
diAEN3I9fXcZgNFpA5vz4g,4.5,180,3.0
K10SpnV1o3bJNGBOesHtXg,1.5,4,3.0
gQcA3hv40LZUnOXZraw18w,3.5,2,3.0
c6NgU8ltiPJkhPOGUEs-Dg,4,4,3.5
Ji9do_t3PkwWVjGHTnjPuQ,3.5,3,3.0
Ttn8kVm-L-KDrCmoCjK0Jw,4,24,3.0
YQeMF7q6xJ61v_OvAMDSlg,2.5,9,2.5
cQk8pgpxC-9MzFJS7Zo45w,3,47,3.0
ye4l3M275YrEIz4GREXdpw,2.5,3,3.0
kGhwcN6hgxeJEZtNrKJnpg,4,88,3.0
CWpLAmfe1UXd4F3CHWTUxQ,3,16,3.0
XmJJQjudjE7bXZyFsH0ECw,2,2,3.0
cA3gmj6NUt40Us45ArSZdA,3.5,2,3.0
eZ9ryX8Ij8Ha4DGLteCK2g,3,12,3.0
xk0Xss6LmF2Pxks0K2jrhQ,4,102,3.0
gsS84lf4hAVEWdP__oFR7g,4,15,3.0
R78gPX8kC7my612YQa1LpQ,4.5,32,3.0
JrHGyyojkdJqc8pD8I3GEA,4,3,3.5
_VZNmR_tlsYke13OSzHqLA,3.5,3,3.0
Q7z6wu_oOXGGbQ8vcbxRow,4.5,8,3.5
3TJ1ZVfYY3YSFTMoke8LVQ,5,11,3.5
f0yYGHKjedEz8Uv2sQK9kQ,3.5,6,3.0
EQprBEi0PHAj3Io-J2i9wQ,4.5,12,3.0
jwfn_BBOLOw044pBAnCM0g,4,3,3.0
Rno_Ql5EgidmyZGfTxNcTQ,2.5,11,3.0
Z3lHzY4ruKYZ7PSqWsm7Rw,1,2,3.0
247GgHoZztRikNUeKjkEmQ,3.5,9,3.0
P239JxvlJ_mTmMZk-2K9QA,4,33,3.5
Mn0raEZFnqbSss2KBjRaiA,5,6,3.0
u515oUECKztTe3Og_ApZwA,3,12,2.5
0mYlBBYkKTk4prNj7tsBlQ,3,3,2.5
mMw-loFzTq9i9G1dRWWLzA,3,5,3.5
Oi8IOoJOEX9JZYK65fUrrA,3.5,40,3.0
lKD5_XcBLzIX6QnSwobV5w,4,56,3.5
6EXCN46MdJOa00KjuH8jaA,2.5,21,3.0
naWaLmfTO8bw-nabXzLaxg,4.5,19,3.5
cMye2oCRy1qAvwMK-7i6JA,4,43,3.0
e5K0faj_czqdk0KoGzok8Q,5,7,4.5
uXuiI-Y998JChGn-ebcSdw,3.5,41,3.0
gbTYxxfAHVjQ0jEg6QfZmg,3,7,2.5
SOtuHbrSorYWYGh_GTIXbQ,4.5,3,2.5
egxii6xn-f9Pa4PeMwqbww,4,4,3.0
Uky_NVoeKq36M7PVX_3Mjw,4.5,7,3.0
XLn3VZ3buogL3DMLOulgZA,3.5,4,3.0
tRNg1wj510eMi5ARotqlfw,3.5,14,3.0
O4RRKwq-kNY0JrrM8h38hw,4.5,4,3.0
i0fbnuOIYMbC086pGAjC6A,3,8,3.0
Vp60--d_7i0ker0tPmdtYg,5,11,3.5
DZ11986Sfe4vMo9Y3fHZ3g,3,5,3.0
YvjOCkWxckLzdTlr4bl7Rw,4.5,5,4.0
nZSlLTl1EtecotlNZ76P3A,5,8,3.5
D31NTvzW9aPExUksVQQ7pA,4.5,27,3.5
lgnnZL0Cp6_q1Xx_4a0gpA,2,6,2.5
J6GhOOZKLMiOCmjvl1BDaw,2.5,4,3.0
ik3VPGhaJ0sKCa2plKyVoQ,4.5,8,3.5
AUFDafFB5jJPgCAx0vIS_Q,3.5,7,2.5
Q2iZ7kT5SpiRir7iommz1g,3,49,3.0
_NlgCOBirlaCFoM9A16MTQ,3.5,16,3.0
C4GHQTB-G0R2Geov298GLw,4,401,3.0
rEKBr81s19Soh3dYj4bcGQ,2.5,6,2.5
7sc5j9G5A79MTXrRC6sOiQ,3,11,3.0
b1NrEJv3vApVbtpybxYuOg,3,25,3.0
feo63jUDoc0Kg8UK5NCCMg,1.5,9,2.5
GpeW7WM7M6nfwCgnnPiqqA,5,9,4.0
tY0K5GOyyluUgkbeiN3UEA,3.5,10,3.0
CUjHTa8fE_0NhNA_I9E1XQ,4.5,8,3.0
0DlGOTI4xXLgF2eEm_E82Q,3.5,32,3.0
CvQgZqpSrM2cRM7_xR2iWA,3,24,3.0
IaDEK8SxohY2_IyysOQHMg,4,6,3.0
LZghZl5RVTeR4p77UpXipg,1.5,6,2.0
Klog5rsTfJEf41Kqva3FsA,3,9,3.0
bhlYtbKglGpFWeBfyEVttQ,3.5,9,3.0
PhIGoo9g6GBrqgH_6yZXXQ,3.5,50,3.0
riqqVx-LssGUErBeQisKng,4.5,10,3.0
4FQ1QM2u6rn0n0ph3RbAMQ,3.5,5,3.0
QA5MXQyDraHs4K2CoWVcRQ,3.5,8,3.0
PUS65BH7urto4zhUJ5Obmw,3.5,48,3.0
pFkEafZFTRE-qgB3NYC48Q,4,7,3.0
VrkTAT-gBdhagkXLz1_eUg,4,13,3.0
r58I7iI0EAMkvhcyarwnvA,3.5,2,3.0
mnR9KualdR4VpDwd1oFa_A,3.5,17,3.0
eXaCEclgRgLf4yNI-42sHQ,2.5,6,2.5
S6_IpnAJC-jyYoaJ_v5HYQ,4,4,3.0
wc6MUrDdAtQLqKUDn4F0ew,3,108,3.0
OLRmo6PVl59RvT3OdvYIKA,2.5,6,2.5
gK7JH1FrLr1lZWRVvY8MmA,4,5,3.5
8P_GOw4u9EumQR1yZTxI8w,4.5,3,4.5
a7lkm_8HM9izrfJWhAK8iA,2.5,20,3.0
fWtMpGU0kmqOQJ5DaIxufQ,4.5,9,3.0
r9rub_ajcb-3yYsYYD5apw,4,241,3.5
QR_Nmup1tRj1WwooAKePbg,4.5,127,3.5
D_f7PL14YDjmfMIeTQ8ApA,3.5,12,3.5
KZXtzoI84iI1CEcAnD7OPA,3.5,38,3.0
rIXJc6DiSNGZh9c1_qHApA,4,9,3.5
XlBVyXYpk_CjyVfMF04LNw,3,4,2.0
2PzCVpZN7-xWGGG3a97x0g,3,5,3.0
EKTqp9HjiFMOT6soOUbtJg,4,19,3.5
AH1PrZQDIdjpKgy1z8XxUg,3.5,20,3.0
DeS-atRfeSwiSHhJSMdWUA,5,17,3.0
sjD4nm3PC1Ai9dPiOv9H6w,4,16,3.0
_4DWNjU9ck_ynL4Me86CJw,3.5,7,3.0
nEn3KUdxUqgtL98c7BZ8LA,4.5,3,4.0
ibeYJbVaxeimBdTUkIVSRQ,4.5,19,3.5
PxN0tiGWY-ApyP9N0TgRmA,3.5,12,3.0
jf4nVlVsYacZQ9C8BWHx4A,3,3,3.0
hG4BRX0si_rZtRcLi18Ong,2.5,3,3.0
zBNtdE_hHxP3oIU8LXTtrQ,5,5,3.0
iD-AJK10SuoTTAjAYC6H2A,4,21,3.0
puiWChvCK4z4LGs4qdqfWg,5,5,3.0
Zj6vW0r6vs4XXJ8wKRCYKg,4.5,10,3.0
FVGtiujFXixkw71HBbBB_A,2.5,6,3.0
2gL3GgBLYN38jhthkehGXA,4,4,3.0
52CzJDb4EakSjEQOUys77Q,3.5,165,3.0
Nui7Cnhrhrm4Ar2rcSHbIA,3.5,295,3.0
VcubksW4ME1pI67behQqkQ,2.5,9,2.5
PLAN0dXgsT6f66DY47w4kg,3,5,3.0
HtiBZ-4bovjRqBo2Bc5skQ,2,3,3.5
jpD9ONjJfx5ishYOx9vU0Q,4,54,3.0
5Udv4CASAXB2eH66TefWPQ,3.5,81,3.0
OgsDmWHsTAjiaGjl49o-Gw,4.5,7,3.5
UgBIcnR-WMAH4pezas0_yw,3,31,3.0
05FkTuKNfebc8BafSAq1Lw,4.5,5,3.0
x9vi-Xb0MlyvnyfnUwjI2Q,4.5,4,3.5
_qlkUN9V2zpDpxNHsg8PZg,3.5,13,3.5
VttoTCACG8MRWrh3bnKyPg,4,38,3.5
cAIGa-51OX7_fi_GSIYidw,4,17,3.0
nUISXnW2Jo9ovnoFBIUY_Q,2.5,7,3.0
T4_LFnGNke1yk3k2MJjiqA,4.5,6,3.5
EZVtCaDuqvON9bZ8rg7afQ,2.5,6,3.0
_aGVicux2dJm9sqzLSCJtg,3.5,3,3.0
fIgdMuoK7msC_68arzVV8w,5,5,3.0
v1oBaxZ3jSWCCIZUo77Jmg,5,3,4.5
7_ehud9OJdNm8jj13Isdxg,4,47,3.0
wxvVH5Y4VlC-T3X71oWhqw,3.5,28,3.5
7AEj6ZdpIie_G3ANgC3oLg,2,4,3.0
4oOvpLx3819RPPu77SqMdg,3.5,4,3.0
L5387MoRyx9orlRyYfCSPA,4,38,3.0
SSwlpHYGEqxR3Wzy1E93PA,2.5,3,3.0
Pu5uzlZ05pqVlx6LcZbfgw,3,9,3.0
WzQrtfz7DSQEv2CK82zhcg,3.5,8,3.0
5szhpMLGVarH11_Zl-9lLg,1,7,2.0
KENo__8EAznfs92X9uu8vw,1.5,2,2.5
REMGt42x3asARab0jGdBZQ,3.5,6,3.0
4atNH8sL_W6EakDKtWr8OA,2.5,23,2.5
ExEEi8U78wN6iFhJsH7Eeg,4.5,3,4.0
hj6L4rYi9w6iKZmSvFRJ4g,3.5,3,3.0
h1L6PykyqnbtOoh-Xg9gIg,4.5,6,3.5
6Ro5tqafcr2MZori8DIYnw,3,9,3.0
C1KYIuyfICK7M_HMFpJrXg,3,10,3.0
sMgKsV73VMR5vqmijarIxw,3.5,3,3.0
vHxZIa2ihyQlLr-KxaXhXg,4.5,3,3.5
0rJ2_hPk1ph_SPKUni3mlA,4.5,4,3.5
b6H3J8zWmFhzHiqSIpymvA,4.5,59,3.0
YYYqPljYe2WwzXuZO2L3zA,4.5,13,3.5
jHvJUb_fmE9KSIjCmbrRJQ,4.5,3,3.0
WZay4I_3h-KHp4VpJfZvSQ,4.5,5,3.0
81z_FvKvJ7YFfuP8WN7RnQ,4.5,96,3.0
c4AWh6H_hI6FkiWAmdrQvQ,3.5,91,3.0
Iv-QoXIeFM06tGPPGenrwA,5,13,4.5
Jz29scVZbyb0iQcJkkmrvg,4,16,3.0
Dnw4OKO_qag-X1DOD4Dv7w,3.5,3,3.0
NY2uV_2uHunRkuLw40cGlg,4,3,3.5
rOnzM0LHB-tR9Xb9IDoF5g,3.5,51,3.0
v0GwJK6CnFpKVex-ekCpJg,4,3,3.0
Alk2AVNg3wTrI4L1d-krZw,3.5,19,3.0
eUeg7tdRFvNfXjmeFReSEg,3.5,11,3.0
4S5CdZawGJfP3vtR4eAQ1g,3.5,57,3.0
nhrnzrzuwMqWVzDqU8t_cQ,4.5,4,3.0
13aQBVZEbO5MzGrmDJ0IVw,4,18,3.0
7W_QsNhtvKi7Pzvu2pHCRQ,5,6,3.0
sFxTS1_APzl9GCnn0E1LiA,4,9,3.5
xQYa2C1-tKGx65GpDDNePQ,3.5,15,3.0
gwbgYGsErbdWqWxS8ydKSw,4.5,13,3.5
2tXpqXexE-rn2iDRutiBXQ,3.5,4,3.0
d65r37uJk8YSUv3zWW4d2w,2.5,4,2.5
OGb4l_xFzRzTxCdNCW6XqA,4.5,8,3.5
fvzr5GVCnNpnF9V-MvYrFg,3.5,15,2.5
n7tBHCvezCT4YophjHxciA,4,28,3.0
wUALXOAurB8LfKZPhLfjZg,4.5,128,3.0
V1ECSQR1kELBTe3cUBo_yg,4,11,3.0
8lARaDQMye3WCVcyZ9XcMQ,3,7,3.0
ZS4V8F5ctPBZWyI8zhZ5Qw,4,13,3.0
W4lkEQMYz3hdR1SvIIFzyQ,3.5,9,3.0
MVIFPx1kRXlSGBNzm4vPiQ,2.5,3,2.5
nvXm5PONfiVm-X8eI1kvJg,3,60,3.0
WNh5vxnNeWTwxotscrQ6vQ,3,7,3.0
QF8LfL5rJbb0T81oIvri8Q,1.5,3,2.5
0bDp9GJBQ4K4ZTzvewLoVA,3.5,17,2.5
bRxMp5hd5Pql908HiZrknQ,2.5,5,2.0
clskfZhlm09o9Lv4SxVlAA,4,13,3.0
r-_R6lG3HWU8WYw0Zk23fA,4,25,3.0
ltFzUGuaNqDqH1iOlNd64g,3.5,12,3.0
wK3Bxrjd4pfwhxlVkKawpw,1,3,2.5
gOQT85vsrCc_bIKaG4fGYg,3,26,3.0
pvmC7EaaSgA3aq-MAmPp3A,4,28,3.0
JKVULpaKH1HfXqEo4fFooQ,2.5,5,2.5
kaRoIl8nMhSYLvm8o6kE2w,3.5,3,3.0
08arvIeYVIi4leIuFGhXBw,4.5,16,3.5
Z0OGW8PysysRXE0dR7QxQQ,4,16,3.0
J4Y6BSwxGxD7mznM45ykeA,2.5,79,2.5
JdC6XlQIksJMrqJBlnz0uw,4,3,3.0
bulkC_6uGn5FM0vz3Kt0ZQ,3,69,3.0
scB9lXvcnsunIvUQMsG2fQ,4.5,2,3.0
lqvE9OXtOdtbB_m55U5kGg,4,85,3.0
kdVfpbsgKA2nX4GqoSFlHg,5,6,3.5
fHpc_RwHFqQrDkvF9uOscA,4,7,3.0
zzK7j06Pg8YWkQHzgsTuQA,4,11,3.0
Y5mY_dT7-_wauhQXLQgqtA,4.5,8,3.0
b5qZUIBfUu4mgs9h4vhLcg,2.5,3,2.5
yWVY1Bq19lDxu3BP7_96EQ,4,113,3.0
ne8o0APyK1CL_BLhDGbRsQ,3.5,14,3.0
ifVVRWX3oEe2tPAcBLPrRw,4,110,3.0
RtKC65-4gqzEkRfK2D5pRA,3.5,5,3.0
5D-xzcFphR5OE3YMrDO0CA,3.5,31,3.0
CZuTec4z5_WAFUwalQRhqA,4,139,3.0
bcJ005JZRd4tkNb7i6oynA,4,8,3.0
tUuHLgPKuEVg_mdzfrVY8w,3.5,14,3.0
gu7ZsDq4h0hhK0zcGkTCcw,2.5,14,3.0
vtD63fb2pCKIAFZs-M-kWQ,5,3,3.0
zq--BGVHu7_fb1VHEwg2ow,4.5,7,3.0
QTxEdBIM9VXcyBnK3ucKUg,2,9,3.0
QZw_SOFyan2VC-9hVoNEiw,4.5,10,3.0
sXHNpYEp4ZpK-6FdR3KsuQ,4,7,3.5
FTpcA7yGp-qo2UxuqW0UDg,4.5,3,3.0
JeZhzeNIfDYPSm9gKvsSPg,3,18,3.0
nilhvDCyVBuv7gnNkPWZQg,3.5,15,3.0
oTbwQOZb_314iHm2Uh_f9g,4,32,3.0
cZ9M7z5TebEhnsTwkRQi2Q,3.5,23,3.0
j9wGRZESnopncpVQKQx9ww,3.5,3,2.5
TvbHg-SFHw_KX4k1D1OPOQ,4.5,2,3.5
8gsEpNtigtn4zsO-JOlsZQ,4.5,2,3.0
FsY-8nYOCXyj9FoVxbjzTQ,3,6,3.0
WcfPijF960O8DtSqoLIbcw,2,79,2.5
Wa9uxkTnz7qeFY4Dg4vXxA,4.5,15,3.0
bcfRtVJxeiyoIlfDtwbDkA,4,19,3.0
ueibmhF9VBoJ6qtpls63BA,4.5,55,3.0
9FS1pPCjJMlFbsVylbxPHw,4.5,7,3.0
Emo6FA22dnGtGznPX5rvmw,5,5,3.5
FjZ4UmyyN4HvFMGoMKKnBg,2.5,7,2.5
egky1j0WUGf97EU4fGXLgw,4,60,3.0
OIL-eZX8d10jgWPLW-E7zA,3,11,3.0
6sJSxhTfN5YLFXKicXRljw,3,14,3.0
xG5JrPrLB8bZkORn6aYZlg,3,16,3.0
abyewBtFxoSpcOm7vFuzhg,5,3,3.5
KP7m5DCa0N0BIwSOJgxtyA,2.5,26,3.0
aH-EzK0bxkUvukAokXDy0A,4,2,3.0
oQ3Wl5ZqvK2beXtS8KuJTw,3.5,2,3.0
NCXJzB9DcuNs49a8eZp19w,4,11,3.0
tN9aBmmMM5CnrYXBWDHgCw,1.5,107,2.5
kiVnUirURYI91t9YY3nddQ,3.5,39,3.0
c16s5ogdsmWtPXCS_Sp0-g,5,3,4.5
9D0muUbQVMrw3_eDg3tkFg,4.5,16,3.5
znLLBvvY8Kv-8ZDESiPZzQ,5,9,4.0
RVAtmwbwbjLYEDDtvf1PYg,2.5,21,3.0
WBjOlCsiWczSoYBTHB368Q,2,4,3.0
ym75bl0zaFCHOOLN3e8zMg,3.5,2,2.5
m_nunIk_4iHZM39N6ejsyg,2.5,22,3.0
1uBT6mhp4SWa0aaBny39Og,4.5,6,3.0
DhN5o_YoB8tw4HJ_CNiJBw,3,23,3.0
qHEZCMNrGxadWGjluAfNTw,3,10,3.0
FZ67NZD-_aou82e-7TT_nA,3.5,5,3.5
udZJ8YgsHdqtFDQkyPTV1Q,3,4,2.5
NKT8-CeoqUYIGUeNXBPVVQ,3,4,2.5
MYDWN1gIhKk0NjaeSHN_ZQ,5,2,3.5
DhDNNHZtaBxYNSqJz64ixg,4.5,25,3.5
gUT2SESEp7nV6kDYipHZeA,2.5,5,3.0
WRYNOjGfL-Au5fQ44WrNHA,4.5,3,3.5
2az1lqshQswSRphVBAt41Q,4.5,18,4.0
2P7_yT5KGyY3b6ikkyHb3w,4,3,3.0
xsafbXByIlGUhpjQtrsetA,5,3,3.5
agXlCPNuO101WBthbmv5vQ,5,13,3.5
g4bQ-4XVPXh2EBwVEIVMBQ,4,44,3.0
ey4-GuSz6mujGI6j-dYKPQ,5,2,4.0
eRcfdmon9Tj_F42qzgB5SQ,2.5,10,2.5
7Q2eP_xd--kZQkSpId_N6Q,2,2,2.5
Ewum0uSpxz5XGlXHGmzqeQ,4,67,3.0
aVETs4peva3q3j4lRnHGEw,3.5,23,3.0
GVf7OyxTdU-Ulkg_k6OtPQ,3.5,17,3.0
HSSjkJ3wKQ0AqTzVHDpHWQ,3.5,14,3.0
sTdSgE0MpNP-ihaSYs4IHw,3,7,2.5
EU6JoDaUVASjT5_O-sTZvQ,4.5,19,3.5
Bfu68BHfVlz7959jkWBC6A,4,16,3.0
7V2lVE5sZrpCJaX-EF4-uw,4,9,3.5
JiWGjXYrq4ehNeRhKSZqcw,3,61,3.0
aqslMehKRH-jsS9lUlmZeg,5,14,3.0
_KvGddVMM3d2f7NEa_eOtA,3,171,3.0
bi09mHAMWmb6RIhqP2p1BA,3.5,43,3.0
HmU6GZ32TaGmJFpPC-Mp1g,4,30,3.0
R2AZ4yFL1hMbX1cQjn-yWQ,4,21,3.0
AXxtBH6ctfRD_pPh9ZsANQ,4.5,47,3.5
wBknEHf8gbKCWWEboul8ZQ,3,11,3.5
zDbwEI8vQdqn0CxP49P3hg,5,4,4.0
t-yfFtP9-c9ILBzMxDgDEg,4.5,10,3.5
JrdoWznKY-OFmwCkv75P_A,4,225,3.0
xlYVxFtTh_YKfxkhkgW5Vg,4.5,5,3.0
ufIN_oA285Zivd-4szJKxQ,4.5,75,3.0
EXkeYc5s-K-X5gFbj3DNyA,4,7,3.0
BT4aiLm-yw647FQDbtjQhA,4.5,42,3.5
S46PCQhJbFO5yTx1JrPNpQ,5,34,3.5
6b0HjdqjaxwWbIhWBmSBzQ,1.5,4,3.0
uUorjstNslr3gkIsVGtQAg,3.5,17,3.0
A61mX9Ed_txnw-S9idIdZg,3.5,111,3.0
IkNm4oVZbIZ74kFH7fmahg,3,9,3.0
GaNqpIYQuLKPjCW85MF8_Q,5,2,3.0
aft5N5DwIaIzQzwKv7lLvg,4.5,10,3.0
LU-P5mprJ_j882soIQ61Dw,4.5,3,3.0
QGWyhvvLjaT1Szw-segoOg,3,46,3.0
b-VLJb2e35qdhJmmbbZ36g,3.5,30,3.0
Y2p07YEC8xOsYTHWf0UxiA,2.5,18,3.0
WY6FFxpa6ztwDH5OhS6WDw,3.5,17,3.0
hyf5uy3Wgw92NxXjhGMfNA,4.5,28,3.0
SyRxdp5n7wUYgauZKGJmrg,4.5,6,3.5
djJZCx717I8_Te3yBIBLrQ,4.5,5,3.0
tIP3NiriiAj17QYCuav5-Q,3.5,34,3.0
7GTl6b4TwEzkbUkq0C8b4w,4,3,3.5
bxPCh5hpxEt_lhoB9DHuaw,4,4,4.0
AANB0f7QapfE3WxDiqb9hA,4.5,3,3.0
wIjmB5CiYQLxt9SLkZ_kXw,4.5,6,3.0
NMLtK_ZDHTD_UQ33-A-N0A,3.5,152,3.0
PrIU_mB8vhcIfQj5T1XBfg,3.5,65,3.0
bUmnZJ1DjtDP2_qb2M62mg,4,166,3.0
p-gb7k6lwO4YZiTWOlMFaA,5,2,5.0
Ca-003BAqWW-IEsFvjlY9g,4,227,3.0
OKXu4LREh5xsUGxLVf5RRw,3.5,16,3.0
26R-9vQEgGLSX4Zp0v0l-A,4.5,11,3.5
v6HiAVLwKiXZ9Yqvd4ubNg,3.5,184,3.0
1HejWsAvJ7pg3n6hUCObmA,3.5,28,3.0
XNSw_YO1ziXE8ZVzEmXDAw,4,6,3.0
UQSGL98JH8346Uv9B9Ec0g,3.5,15,3.0
fiq9z9dR9dBGjA6wGXFYoA,3.5,25,3.0
FpHyET88VzYmz_PP0g8wkA,4,5,3.0
v-y7cV0-ChxQp_5TyZ-KTg,3,2,3.0
nag3Gn4b9R7a3dGsZn4OOA,3.5,3,3.0
fVRGT6shuyHPLzKikZsD0g,5,2,4.0
pZksQ5zencbsXZTqP7OTkg,3,19,3.0
NczaqzFtDId9GmVTy2GWHg,3.5,36,3.0
e5DtayybW4jbKcDBwEUmOQ,4,9,3.5
i73c64_jbNWEYHVXIbNlLQ,1.5,10,2.0
EtnMSBRlMQWrdTla-jz9RA,3,3,3.0
hBAcj7X5JHeX2hvmptwH-w,4,34,3.0
YLyzK5m7DAnvPaaKhQogrg,3.5,3,2.5
0sSHuXYIuJ5iy8eSCAq4gg,4.5,3,2.5
brcD3qzFVUNrfE-LXwEIOQ,4,43,3.0
rM2u39FtdD7WZPaTgmRS9Q,3.5,12,3.5
ionFxm0fkwX_J3I5By6Efg,2,4,3.0
fdRn7U_WR89DxtegkkEihg,4.5,6,3.5
MGfE7fN_V4D6DTOE8b1Otw,3,21,3.0
p6I9XmfpvCyDbkvtvQqhsw,3.5,14,3.0
KmmrH1A46m8K8r_-rwWL0A,4,27,3.0
ZG9j84eJSGEWxdN2jGLDyQ,2.5,8,3.0
ShKD1T-rQaWLobk2wSkXcw,4,20,3.0
d6eqlH4tKE2VmiTPN6TOEw,3,10,3.0
AKxafA8O3AeJl7iQs--XFg,2,11,3.0
a0n2kpuMZoep8crmDhM9VQ,4.5,5,3.0
8aOdySCt_thyOezTqbrgaw,4.5,7,3.5
9b0y3HVHPWFnobKyMFFoCg,4.5,97,3.5
Hm_o9Lk1FlrrhTSanwC7SQ,5,3,3.0
_IlrF3VSd0lnuIS-kC90dg,4.5,10,3.0
jRGBi95Jxp3IOFk-Bv6X8g,4.5,11,3.5
eHTykuLzs6DiDyw7t2g6DQ,4,102,3.0
C-wwuplQao4IJpIBMf0P1w,5,4,3.0
lIdAVO8-xX4So3AV6rBVNw,2.5,9,3.0
uILvDDCgw63_KJsZMO9GvA,3.5,31,3.0
uuz1Um4FzxNxqBMgffSPJw,4,31,3.0
EfKyutz6jmXZ9k8dSQAWmg,4.5,19,3.0
O-1vZsYfFEtLIxulecV9Fw,3.5,34,3.0
3l3tr9nfs_HO7qxAYbkGzg,1.5,2,2.0
KTgBVl7dt9FroCVZVH36rQ,4.5,3,3.0
CA1Dh7Q1K_1ijQUxutMhKg,3.5,10,3.0
TYyW_pl7hgfUEMwxVwc4OQ,4.5,10,3.0
S0Sx_pYkZbneeQzxLm9MnA,3.5,3,3.5
w76Ekjp9CY6cQ6Lamh9fSw,4,85,3.0
rawMwd19q66KSH7GYfV_Sg,2.5,17,3.0
ucgQhC2-OzxSa1yX1I095g,4.5,5,3.0
5ZuMxdlRbvqLooR8qZxnKw,4.5,3,3.5
g5U8omEQje5lRx4EherR0w,4,36,3.0
TpYL1P0CqqoDdfqdTCHpwg,3,14,3.0
zURj9D3wA5ixIDkBl2KiIQ,3,4,3.5
Wnn1GtvvtnkFdPfdRcYW-Q,4,11,3.5
vSZDiKiF8vf9zt_BcDL7GQ,3.5,48,3.0
_kPuX1OAC4QWb2NM9Fbhzw,4.5,6,3.5
HI9CqiL7CeoiWz8hjvhgxg,4.5,6,3.5
Gdrw2h0ivQi2UVXpTiLbqA,3.5,94,3.0
UtWJ8NGMg-3z28s0RzlUoQ,3,12,3.0
A-7LUuRxyWAvX5IuUg6A7A,4,28,3.5
t_Mjhtr0KTB9uGNzxl37WQ,3.5,6,3.0
eZF6DQ5WtpUOiXdmZrTmqg,4,5,3.0
GRrvJchtxskNDsGYUPPzzg,4,20,3.0
Km-96EyJSH93tUs9iToM-A,3,4,3.0
OzvqQ7b9MKUmAFznAE0V8g,2.5,8,3.0
yAC6PHPOOqlEvrzyVjItkw,3,3,3.0
HErV4BkgIDW0KKr8Jxrpyw,4,8,3.0
Q6b-V99kzl6hUYug7AuYKA,3,13,3.0
NywaC0sIqRAn0z_R_eEPQA,3.5,3,3.5
erREMiRq1cjZ8g-OEnxTiA,2.5,2,2.5
I7waiDBLx_09FLlRuwZ8mA,5,4,3.5
SzHTdZR3yY1WBYUxkVxmUQ,3,18,3.0
wFVI6N0YkvJf352tGebkxA,4,18,3.5
vTnvE0fsPP4r1Eni7gufrQ,2.5,7,3.0
YMTmjvX8IKdrlIsixawWOg,2.5,3,2.5
uidVX4tnsw7VmNZViJUfiQ,4.5,5,3.0
KaGk0gV7k7EtmsVFnUx0tg,3.5,2,3.0
xMlfVmxoMN3UGjCvuQjppA,4,3,3.0
e7YYS_1rMdcnZwgxPsEe3w,2,6,3.0
3LKcR-g6Ok3i5EtR_GkJQg,4,4,3.0
xpRB8tolWoJ0FYaRtXy-qw,4.5,11,3.5
HxXIg7wr6LDAKuXmeK1lNw,4,5,2.5
nahkXtDlSf5MJKPZldEFVQ,1.5,10,2.5
V3du4yrr18EtG8NNTECgqA,1,2,2.0
LZkG-y1_OdyKAajJJI8uBg,3.5,12,3.0
fzXMAz-uYjdLhxWYABo_8Q,3.5,133,3.0
_0UC6YiwhkgLOJWxMmMQQQ,3.5,19,3.0
mifvvz8B_BCWbmaJffov7A,4.5,19,3.0
1qUYk564SajvwTtkNM6KJA,3.5,75,3.0
CKoH7hdT4HNykFg0scBImw,4,4,2.5
8HAZBCxGo0JeIvq9TeZiUg,4,10,3.0
so0cUMK8I8d88F7uhBqaFA,2.5,6,3.0
uBW3PIKqc-_eyG1_vdJn1w,4,53,3.0
ojlQtj_2W24-IZGqkBVsmg,2,9,2.5
l_Wey2YC6NvVUIH8vTygGg,4,57,3.0
4lzxUZD6_SVc10wyDn-H6g,3.5,9,2.5
QfIQGqCuLn2gi5svCkvWng,4,12,3.0
iemtmJWEDyc-AojaonX_Iw,3,30,3.0
C2pNVdcFl2AdkU9Ual8Z0A,3,30,3.0
xq6DZid0uWtiBqehmhD9GA,3.5,2,3.0
5nEnDOd9zKYa_J5SO56-LA,5,13,3.0
6Vuu0EcpC9Y0EhSsfACrFw,3.5,12,3.0
PTkChuI3GPCw-ZL1Iph76A,4,7,3.0
takv9AY8InjnJR_vqryHGg,3,10,3.0
XC9blQA9Mk4w7oKVJ0nJXw,4.5,3,3.0
SsSL6gKSlpTeeZXZEjAKFA,3.5,20,3.0
wM2IJZhg9Iiv0dCZWwet0A,3.5,3,3.0
KppR05S3Pn7qVpbdJE-jyg,4,38,3.0
o1GeI_Ml8uF1iqSNxRzYnw,3.5,5,3.5
rp6odxYgXF37_gE93m1c_Q,4,6,3.0
LMq79iPHEEXGxsPYvk4MdA,5,23,4.0
EfmGcKIuG05OlY_mcANMRA,3.5,17,3.0
R9Tll6IKpJtYcsbEv7edCA,2.5,30,2.5
OM_tt_pJco4sa-QHAx7UMQ,2.5,12,3.0
gfpl_GyyY5uj6zJnIdzImQ,3.5,10,3.0
Ak4s2gS-jx8iW33jY4u3jA,4.5,57,3.0
Pv1TEbc0Cqn18kG65Sa2dA,3,17,3.0
DgBtBhEa7jXOPCjMywOvmg,4,4,3.0
AJiwOb0s5zpYu0NW7Jvrpg,3.5,11,3.0
b4wznJbkJTiGR9lxR6fFrA,4,6,3.5
Vt8f-r5YSSCF-kx6Z8i3Ow,3,5,3.5
Hdyfkle-fuls8fjyjQzNrA,4,5,3.0
JdAyXD2lsYtOGUc7DTsVEQ,4,64,3.5
fSUjhYRFD-xg2CCzXVK_yA,2,3,3.0
CKh2adfsGRQzyteUpbrDFw,3.5,4,3.0
17Zp0inFGLaQsxMBapdh4Q,3.5,58,3.0
qMWWQpMiMcV8jz_57cBB0w,4,249,3.0
npqqPGSX7Ef1TnSEG2j0Kg,3.5,7,2.5
AEvxAw-qe9iPSsIjlNE2JQ,4,10,2.5
EhEHbWbrehBd54E653mznQ,4,11,4.0
56eSsdwPI7t6c0t312VqLg,3.5,3,3.0
ZOtJygZ3pcFfABPVd9YObw,5,1,3.0
4e1FfJ1QxKa3L8TJHOtg7g,4.5,8,3.0
EzqtAtYgobZubPJ7AMNFsA,2.5,3,3.0
n87ErWulYLE9kLva32CqAA,4.5,12,3.5
Msfys8NloDpAsWmhvC9T6A,3.5,17,3.0
LrDb1HZRiUSobVwmZKK8ww,2.5,90,2.5
vy_jHqpL9VaH4PTz1Uynpg,2,3,2.5
W7-Ybhe6JWJFXjcbmgvdyA,3,2,2.0
ajR1_uSNNMEmvYZNeC7eBQ,3.5,4,3.0
LvdvLtCbAriMJp6cjLm9EA,3.5,144,3.0
63M2e_wSmQ8GbLDUau5K6Q,3.5,71,3.0
CDuxCxTiuGXC6saLoywymQ,4.5,72,3.0
eLkBRsYesFMzlUghEZAwYg,3.5,7,3.5
xY1k8cye55AsHpPDI_CAOA,4,127,3.0
Z-BI5HJmC2HcpiVuXwVM3A,4,55,3.0
T4A-I02jrqPZtW2icgHJPg,3,41,2.5
NTuAHWEaVCZvSF7owONQ8A,5,3,3.0
xtnIAdN-MFnis86mjZ-AVA,2.5,3,3.0
y_VmQBDl2psGRP2LTjjXvA,4.5,33,3.5
EyCTFYEjN3hdKyGLWjm6HQ,1.5,4,2.5
6qT6Dma9yd-17rAFoiOblA,4,4,2.5
q5FFt8wVxtkk-MrOodZKpw,5,11,3.0
ZknWrru-_THooBJ6aUqgLg,3.5,2,3.0
gH9K3VJopFzy2vECjkgGKw,2.5,47,2.5
l3ZH41X7rNxP2K75stSWvw,4.5,129,3.5
yJz3Dl0R5SnmbGywlDYtXQ,2,50,2.5
5eCbn-WUr2YIQODHfVP7Sw,3.5,9,3.0
e28OcmhM_6xQZ9eSzMyGMA,4,31,3.0
1Gu4Ei5MRllLM4y18CB3sg,4,73,3.5
IA6PfHhZ9MPfBBvyVBIJpg,4,4,3.0
n5OSE92oEzDCQLCDrzrS7A,4,10,3.0
OT3yVpDrDVITDCIYox8d9A,3.5,5,3.0
phBJGfGCWv-xVe2sUdqn7w,2.5,9,3.0
GQloL8yRHymE0SGZq-B0zQ,3,10,3.0
PK56RYEhsLH3XLXtAkFOVg,2.5,3,3.0
oOWmiJhjlhqf5_NqLV8OJg,3.5,5,2.5
wnb0VquMa65hYUUPISGD1Q,4.5,42,3.5
BxNXiZaAi6OSpUSFXI5KDw,4,4,3.0
aQGX0h300ugfZJx-pGGAcg,5,5,3.5
2e46okUeZWV0eKn1tYY8ug,2.5,14,2.5
8ZKrJs_z1Wfbb9yHKrwinQ,3.5,44,3.0
kXxsxqZ5LWa4HJJhILElGA,5,5,3.0
I9-Ei8_KYtMjbixNJSCvwA,3.5,3,3.0
Lmu8vPd4dZ6vmuK0Z8I--w,3.5,12,3.0
h5zKLqoNlMozvxdkRzSiYQ,3.5,9,3.0
R40NEYjwPkpZBxcmocmlbg,5,57,3.5
1Q7y7IIkE6yCr6IVl1lBSg,4.5,30,3.5
d1soHzaIu_jE6CrODyjPaQ,3.5,13,3.0
Gz0qsqD1asCXh5CgwCLLaA,5,5,4.0
SQHO1U7XsmuEAKX1j7yIMA,3,55,3.0
9MpJPuR-IL_sj842pofLPQ,3.5,5,3.0
Jo9RAtbZWSAN9JHl3HOEog,3.5,8,3.5
Y9krCILoQVmT6v8X6gLltg,4.5,15,3.0
TNpJsewe0H__8fzBgaHCzg,3.5,16,3.0
aBXz47ZGq4tvdayDQryhyw,4,14,3.0
kGLM7M4G9LuxD9Y6p3NSPQ,4,35,3.0
qM1kLyu2xAiFZdgnbTyHjA,4,15,3.5
NezYty89H0PtLr76V17Z-Q,4.5,26,3.0
0dAVMBoh0nK56--4dGAaDA,3,4,3.5
ev4X3Tw8pqzOObv5nuIxWQ,3,15,3.0
pmvTuJJ-4A4XggDWYK-8WQ,5,3,3.5
0OXrM5rp0dT8DcxqQJMBXw,4,27,3.0
pnyf63lJinJjmRvwZXoxsA,4.5,53,3.5
Nt0EGVWDKwLU_-HVs-YUpQ,5,9,4.0
ptqJJKXLH_1RD9HwS8fxWg,3.5,3,3.0
JPjUSpHE0hO8DLyuihLqyg,5,5,3.5
kE8_tdip6tvt2jXp-KdwBw,2.5,4,3.0
een998lPp1vyRKxFN_syZA,2.5,9,3.0
omXApdbDmye2RgSy3wE0SQ,3.5,4,3.0
mtchqm9cDlMewP8A_enSzg,4,107,3.0
GvPNNZelyfaWh1a-KAMFMQ,1.5,7,2.5
Fbg2LpTLb--d95SSndDntA,4,17,3.5
fRwzWb9l7UlqELcaujzZfg,2.5,5,3.0
wziHV0Zs8AMFHdBrMaV2fw,4,27,3.0
DTqXjXdkYwb_8o53uxwkig,2,4,2.5
m0FLMyymdBRHin2xaTqkLw,2.5,18,3.0
h27XSUr66bI87J01FsYDpw,3.5,138,3.0
dqGjs_0zoWY41cU3IuI0sA,5,8,3.0
WH9VFiRIt1z0faVqH_qzzg,4.5,8,3.5
m7cT_avH6bvwUz4f1VgZUA,3.5,49,3.0
CLZwf-pAbUXRKiWhnPo2Qg,2.5,11,3.0
Uzm4_qj3c8LkA7xrzqpCqg,4,19,3.0
7JYif-4RQOMWrUkoemuytA,3,11,3.0
wluhsOjt03CgORropJKQoA,2.5,5,3.0
Zd4ahFQYdVAXh4d9HO_xVA,3.5,33,3.0
dWVFS5Jiu6Ee7vOLc2T6-w,4.5,5,3.5
81y_sKnunjJF33tIwwL_8Q,2,3,2.0
q6FZbqlnTL9wAP3XND5XbQ,4.5,11,3.0
2ogxlmNxcE4yTJt9BAH8wQ,5,3,3.5
NqmdaI1GX8LOTRYlMGlTsw,4,14,3.0
85YR3Yt8mBZR1TMeFJJ7hg,4,7,3.5
J1tgaxF7G3-j5XDB8ePKSg,3,16,3.0
evBLcF71f_zB5LOTKzFdsw,2.5,48,2.5
PFgr6Z3G39hdEHySWac4mw,1,11,2.5
ExoI56LT0AaKtDIEyP9uJQ,4.5,4,3.0
tBbiAWHcGCSRWy3vBcgmDQ,3,4,3.0
HwyDJEK9ZQWMFjyBwSvAxQ,2.5,4,3.0
bAnFMk-UoNjyVYUj0sJT0w,5,3,3.0
Ml6Up5SH9GbJQ8oyIJsj_g,1.5,14,2.5
y6Ye8WWkPIIDSMP9WVwx7Q,3.5,22,3.0
IH0Z_B6Z4pOwRFiz7Qd2Og,5,4,3.5
7GDXpAS4LUSFmzmmm3EtuQ,2,21,3.0
Oq5MyNxNi-xuXdPOWR9O_g,3,17,3.0
7668KFSOv4jCk2fbzigfOw,3.5,18,3.0
XzaJf6WzpU7RsXTXzx72Xg,3.5,40,3.0
3xtsKiY-vUUa3yWrBhYIqA,4,9,3.0
2zcGwt0ApFMZhD2TH_voGw,4,15,3.0
2yFs12GaXOGlYTKKm99NlQ,5,9,4.0
g4jHGmS46NHnb7xp-YPUKg,1,3,2.0
cEjyWr7veexi2gou06f0TQ,3,6,3.0
avMB_pG3lBy_M3rz5voSQw,4,12,3.0
YBAQfnjY9yAsXG_4wIB-tg,4,12,3.0
06SQoq5EV4XAY-yKrEtCQg,3,4,3.0
WRogsydvQIIqa5aYzwvXnA,2.5,4,2.0
rW9lt8JvcCIAztOXcq7Rgg,4,35,3.5
glDw_o3ht3yVd2f5Fs9y2w,5,5,3.0
KdyzsUzDlnvhioJ0e0OrcA,2.5,9,2.5
QiIWqxxMUmcgQi5OWEZOSw,5,33,3.0
B2vFDjw-KuPIlMRCbFhT7g,4,8,3.5
qjRPPXpfQ9a8ZHk5sXvBCg,5,4,4.5
XpegQQruI5HSoQk7smiugQ,3,7,3.0
liZsZYK2st1etzVYazpylw,2,27,3.0
9rpQfebWYwMPQoyXOeIvAQ,5,3,3.0
lNyZdNYSLKWK40XziNQNqQ,3.5,4,3.0
_v8RaOJ7RZIY6Wrmx6ksZg,4,4,2.5
RDmgbCSxPBsv9Hj-qAeaRQ,3.5,26,3.0
v3MGJBF1Mc61KwgqiIY-uA,4,186,3.0
7KjZ49Xrb6QWjnu5NlxzVw,3.5,9,3.0
pvGT62T6Ci1LKOS9DL42pg,4,21,3.5
lVq2xqwCnccZ3oI5CdAD5Q,3.5,37,3.0
H-c8pdcsJJofXAeWxzk0Gw,3.5,6,3.0
oLCHsvB7D5X2kNoYgSAvmw,3.5,3,3.5
sB-Mo3bBzqUEfm7O1xV_KA,4,59,3.5
G9It4s0uCD11WXEbqBpWmA,3.5,74,3.0
fkpRF8bqc4B8ZaDl7K-j8A,4,12,3.0
ZkM9pDrD6woooalXHbWs_Q,3.5,6,3.5
ox-WgJDBnm2TjcXd2XE2WQ,2.5,4,3.5
i5bPwhPg6GqXvWMdl8a_SA,3.5,18,3.0
XAq59EnXvV_6y7HbDOJdTg,3.5,24,3.5
RbEWEqy_N-DymvO8JDPdgQ,4,23,3.0
CRbJsmtUwbw-7lz7leO1_A,5,2,2.5
SsGNAc9U-aKPZccnaDtFkA,4,914,3.0
yDBfRK6lg23-4yKjwU0hHQ,4,8,3.5
OmAWp8kUqXrW0umGdZgNUg,5,15,3.5
XQ6DJ9TNDYNjm2BxjqRQWw,3,9,3.0
yuJB3PLktByh4OpwrSD7-w,3,5,3.0
mv8GzMGJeWmi9_fR__BYQQ,3.5,7,3.0
gcPNN4ujZX2-Fy9aH_OQJA,4,3,3.0
TC-uA4FLhphfRwR1O-9y3A,5,46,3.5
Lkk_1pA8TwLWfwhDh-6ifw,3.5,5,3.0
K-7E2cvjSv-YRc4U520VQg,1,3,2.5
eY1zBCX6Jk831TP6Zmih5A,3,5,3.0
x1EtuyQAd1NcJ-Esvtop3w,4,55,3.0
q8823a9cPH5CZMn1998Ccg,2.5,3,2.5
7HYRFdeKs3BJShmOOHPBoA,2.5,48,3.0
Hm61vENWRqcAL_v6E3dD9Q,4.5,3,3.0
B-DLw09xS5mgAC0lvlGUxw,3.5,20,3.0
ysCLY934sncfn_4OByGhNg,4.5,21,3.5
VisPViZnMhqywBsrBC4-VQ,3,10,2.5
s5ZdjjFX3CS2uS6_oVH7CQ,3.5,172,3.0
jczJ4bsO8_VwbFjXkN396Q,3,23,3.0
porUqRPcw8GoTSvZoMH0ag,4,5,3.0
JeWIt4KmArBy3pexcxrfxQ,3,4,3.5
WxA8dcFlyvqGSlfE6ZbXtQ,4.5,14,3.0
bvplQMAVmrKWZ72AznBmlw,3.5,3,3.0
5nAdKXwgp6MuvbzH5P5OHA,4.5,3,3.5
4D2FmqwuQ_OXypQkQqQZcw,3.5,42,3.0
jo5JBZr5QD1C0ewd-JaaUA,2.5,3,2.5
0H8Xo8XtA6GkSI2hAF0LKw,3.5,46,3.5
DGOlhi2qIxet3t96y3niXw,2.5,19,3.0
Lg-fb2Empb6QWVM870Sceg,1.5,6,3.0
3G8_qVxaTkkO5b70_H8YDA,3,7,3.0
uC8nWYLTBtIc9p6JrcvgkQ,3.5,145,3.0
OoJo0Btu2GM3KtIXSI3rXA,3.5,12,3.0
emQkvcck-uqUanJafLIKOA,3.5,117,3.0
UzaZywFmLL8AIiXfKLS18A,3,4,3.5
QdrvQq5li3W3RFV_i-d2lw,3.5,3,3.0
StxLkqrDw472GkpqjkJlrA,4.5,20,3.5
pX4n_4Dh-CFv4oQwQMzvWQ,3,7,3.0
2EEmhVhG5SCt8dEo5zf-Hg,3.5,102,3.0
YOMMA4fsL4_SaPaPyA7sFg,4,70,3.0
QlHQzegL2Ew3z5YgK0ZeOw,4,8,3.0
gPkYdydQdc-_oPBwUitl2A,5,5,3.5
I9SVqdLVUdo74rCtb1ludQ,3.5,10,3.0
gF6UsjflHMHW7c46O_UwLg,4,26,3.0
vc-ymq-VWUCfO5uIkXlVAw,5,11,3.0
DvI2WzFzVIEo3eO4wHvalw,3,32,3.0
mZoECpS2tmb11Q_3PHCZCQ,4,9,3.0
TpLtXNrNK0FcmSLtNN7rpQ,4.5,3,3.5
10h1-hmX5q3XT4XnRBJhMg,1,3,3.0
rB2e216-BskMVJ3mrnPvFg,3.5,16,3.0
KtJfS8l8X_ZtoTOHr4sQ9g,4.5,150,3.0
5K6TGz2q_3w2jGnuAjdi_Q,4,12,3.0
rroEVCHOX6sjZaAYTk6pSw,4.5,32,3.0
gIcIVPc9Cf4Ku6696Mf05A,2.5,18,2.5
FJyEF3PAqSLDV8V-whTmjQ,3,3,3.0
-23t2qOQWj8Kqp-Ijm1BQA,3,34,3.0
1z9P8mDays0A7AfRe16ojw,4.5,11,3.0
wJNJ4sv7IQZQAvG3Xgz5mg,4.5,15,3.0
n7G2XFGvmS3duDJ4AzjKiQ,3,26,3.0
EugM24RP6XmpicJ6Ef57OA,4.5,6,3.0
o5JECHG9DhHsYX03M7DULw,3.5,3,3.0
VJe-sf7dBY6GRGO6TcqzTA,3.5,53,3.0
AuhN2byA2Cyn-uzWD-pJxw,4,30,3.0
xVg9m8i6aW-NOicaBZqpxg,5,9,3.5
zfw44ZwJCvaoLSzWp_Q9MQ,3.5,43,3.5
gFT2yXDXJ1qfuGOSfSU5Bw,3.5,48,3.0
8tBfgYCI6Fz9xrSYCYCYXA,3.5,10,3.0
nZsRJzMNdhI-6LJtNEcsqQ,5,4,3.0
rKlRQHQD2fkOIPkuZvFruA,4.5,2,4.0
rhzFE52Xa-j7d-jniVgYWw,3.5,4,3.0
gSGmCCnJLJWlo98LTNrhnw,3.5,10,2.5
DjQpFG7EFx8yb5MkXC75ng,4,18,3.5
niQWkjHJ3FDuLDSp_qi8PA,2.5,5,2.5
zxXATbR9pH_Ml6nK3kq2bw,3.5,23,3.0
1eTtHfanVJKovviZgCumyA,3.5,6,3.0
aAlyocY0u8dWT2L0Br6mJQ,3,4,3.0
H7XCWLhCbRMDtNs6GfEZXQ,3.5,2,3.5
nAbzsR4uVut0ugLTog945w,3.5,23,3.0
3BNomgNXuzR-Yfc2LbY6sQ,4,40,3.0
FZBF8EptLV5WT60g-JIw_Q,3,22,3.0
Eu2svxHuLFeLzGlwy8hciw,3.5,9,3.0
KrUOYGmjj_aSJG06i8ja9A,5,11,4.0
eoCnHe4RVytI2C9DJlmbeA,4,36,3.5
GeP4U7-3-o-cSO-cpigJfw,5,9,3.5
_dzVl-2er7vBErss9uCrTA,4.5,21,3.5
v9pyD8gwTOmXug_1xNHbzw,1.5,7,2.5
BQyylXNvCFvWTzuHEejW_Q,4,7,3.5
ZwFzIGMdeXAE42rK85JZDw,5,4,3.5
jwxhi--674LLCnvqJL7SRQ,4.5,35,3.0
nyS42UJ54_YUKxBB83dfDQ,3,3,2.5
U9GrOGva97f8twpVYlSVjA,4,9,3.0
KBRCL5zv2c-FtY011Tmhdg,5,3,3.5
PgUojidcdSl9VwXGxN59Jg,3,3,3.5
gKp4N3FTDj0R-3PI9PCf3A,2.5,3,2.5
ee9-nEWpDSPv2QO-xM_VTg,4.5,9,3.0
c1ixeRdwTvNt6YLew-sSCg,1,5,3.0
PbOhgaamQ4eg3LUYRRcNEw,5,10,4.0
d7G_HhoYxcJbE3VBwVUwjg,3.5,3,3.5
FEijQ0a9qb6_KpD6KrNXzg,4,4,4.0
9rbWt_PX8qVVN-nEJv3A9Q,3.5,3,3.0
qQkEmvb5uKcPFPGxx5WQqQ,2.5,25,3.0
2GDDBDi9l5l-nMPBwZ7WIA,5,4,4.0
